field,b1h40s4096c,b1h56s4096c,b1h40s32768c,b1h56s32768c,b1h3s4096,b2h3s4096,b1h5s4096,b2h5s4096,b1h10s4096,b2h10s4096,b1h24s4096,b2h24s4096,b1h40s4096,b2h40s4096,b1h56s4096,b2h56s4096,b1h3s32768,b2h3s32768,b1h5s32768,b2h5s32768,b1h10s32768,b2h10s32768,b1h24s32768,b2h24s32768,b1h40s32768,b2h40s32768,b1h56s32768,b2h56s32768,b1h3s65536,b2h3s65536,b1h5s65536,b2h5s65536,b1h10s65536,b2h10s65536,b1h24s65536,b2h24s65536,b1h40s65536,b2h40s65536,b1h56s65536,b2h56s65536,b1h24s16384,b1h40s16384,b1h56s16384,b1h24s131072,b1h40s131072,b1h56s131072,b8h24s1024,b8h40s1024,b8h24s8192,b8h40s8192
group,causal,causal,causal,causal,core,core,core,core,core,core,core,core,core,core,core,core,core,core,core,core,core,core,core,core,core,core,core,core,core,core,core,core,core,core,core,core,core,core,core,core,longctx,longctx,longctx,longctx,longctx,longctx,serving,serving,serving,serving
b,1,1,1,1,1,2,1,2,1,2,1,2,1,2,1,2,1,2,1,2,1,2,1,2,1,2,1,2,1,2,1,2,1,2,1,2,1,2,1,2,1,1,1,1,1,1,8,8,8,8
h,40,56,40,56,3,3,5,5,10,10,24,24,40,40,56,56,3,3,5,5,10,10,24,24,40,40,56,56,3,3,5,5,10,10,24,24,40,40,56,56,24,40,56,24,40,56,24,40,24,40
s,4096,4096,32768,32768,4096,4096,4096,4096,4096,4096,4096,4096,4096,4096,4096,4096,32768,32768,32768,32768,32768,32768,32768,32768,32768,32768,32768,32768,65536,65536,65536,65536,65536,65536,65536,65536,65536,65536,65536,65536,16384,16384,16384,131072,131072,131072,1024,1024,8192,8192
d,128,128,128,128,128,128,128,128,128,128,128,128,128,128,128,128,128,128,128,128,128,128,128,128,128,128,128,128,128,128,128,128,128,128,128,128,128,128,128,128,128,128,128,128,128,128,128,128,128,128
causal,1,1,1,1,0,0,0,0,0,0,0,0,0,0,0,0,0,0,0,0,0,0,0,0,0,0,0,0,0,0,0,0,0,0,0,0,0,0,0,0,0,0,0,0,0,0,0,0,0,0
iters,10,10,5,5,10,10,10,10,10,10,10,10,10,10,10,10,5,5,5,5,5,5,5,5,5,5,5,5,3,3,3,3,3,3,3,3,3,3,3,3,5,5,5,3,3,3,10,10,10,10
baseline_status,ok,ok,ok,ok,ok,ok,ok,ok,ok,ok,ok,ok,ok,ok,ok,ok,ok,ok,ok,ok,ok,ok,ok,ok,ok,ok,ok,ok,ok,ok,ok,ok,ok,ok,ok,ok,ok,ok,ok,ok,ok,ok,ok,ok,ok,ok,ok,ok,ok,ok
baseline_json,kb_baseline_sm90_20260829T214544Z.json,kb_baseline_sm90_20260829T214544Z.json,kb_baseline_sm90_20260829T214544Z.json,kb_baseline_sm90_20260829T214544Z.json,kb_baseline_sm90_20260829T214544Z.json,kb_baseline_sm90_20260829T214544Z.json,kb_baseline_sm90_20260829T214544Z.json,kb_baseline_sm90_20260829T214544Z.json,kb_baseline_sm90_20260829T214544Z.json,kb_baseline_sm90_20260829T214544Z.json,kb_baseline_sm90_20260829T214544Z.json,kb_baseline_sm90_20260829T214544Z.json,kb_baseline_sm90_20260829T214544Z.json,kb_baseline_sm90_20260829T214544Z.json,kb_baseline_sm90_20260829T214544Z.json,kb_baseline_sm90_20260829T214544Z.json,kb_baseline_sm90_20260829T214544Z.json,kb_baseline_sm90_20260829T214544Z.json,kb_baseline_sm90_20260829T214544Z.json,kb_baseline_sm90_20260829T214544Z.json,kb_baseline_sm90_20260829T214544Z.json,kb_baseline_sm90_20260829T214544Z.json,kb_baseline_sm90_20260829T214544Z.json,kb_baseline_sm90_20260829T214544Z.json,kb_baseline_sm90_20260829T214544Z.json,kb_baseline_sm90_20260829T214544Z.json,kb_baseline_sm90_20260829T214544Z.json,kb_baseline_sm90_20260829T214544Z.json,kb_baseline_sm90_20260829T214544Z.json,kb_baseline_sm90_20260829T214544Z.json,kb_baseline_sm90_20260829T214544Z.json,kb_baseline_sm90_20260829T214544Z.json,kb_baseline_sm90_20260829T214544Z.json,kb_baseline_sm90_20260829T214544Z.json,kb_baseline_sm90_20260829T214544Z.json,kb_baseline_sm90_20260829T214544Z.json,kb_baseline_sm90_20260829T214544Z.json,kb_baseline_sm90_20260829T214544Z.json,kb_baseline_sm90_20260829T214544Z.json,kb_baseline_sm90_20260829T214544Z.json,kb_baseline_sm90_20260829T214544Z.json,kb_baseline_sm90_20260829T214544Z.json,kb_baseline_sm90_20260829T214544Z.json,kb_baseline_sm90_20260829T214544Z.json,kb_baseline_sm90_20260829T214544Z.json,kb_baseline_sm90_20260829T214544Z.json,kb_baseline_sm90_20260829T214544Z.json,kb_baseline_sm90_20260829T214544Z.json,kb_baseline_sm90_20260829T214544Z.json,kb_baseline_sm90_20260829T214544Z.json
new_status,ok,ok,ok,ok,ok,ok,ok,ok,ok,ok,ok,ok,ok,ok,ok,ok,ok,ok,ok,ok,ok,ok,ok,ok,ok,ok,ok,ok,ok,ok,ok,ok,ok,ok,ok,ok,ok,ok,ok,ok,ok,ok,ok,ok,ok,ok,ok,ok,ok,ok
new_json,kb_new_sm90_20260829T214607Z.json,kb_new_sm90_20260829T214607Z.json,kb_new_sm90_20260829T214607Z.json,kb_new_sm90_20260829T214607Z.json,kb_new_sm90_20260829T214607Z.json,kb_new_sm90_20260829T214607Z.json,kb_new_sm90_20260829T214607Z.json,kb_new_sm90_20260829T214607Z.json,kb_new_sm90_20260829T214607Z.json,kb_new_sm90_20260829T214607Z.json,kb_new_sm90_20260829T214607Z.json,kb_new_sm90_20260829T214607Z.json,kb_new_sm90_20260829T214607Z.json,kb_new_sm90_20260829T214607Z.json,kb_new_sm90_20260829T214607Z.json,kb_new_sm90_20260829T214607Z.json,kb_new_sm90_20260829T214607Z.json,kb_new_sm90_20260829T214607Z.json,kb_new_sm90_20260829T214607Z.json,kb_new_sm90_20260829T214607Z.json,kb_new_sm90_20260829T214607Z.json,kb_new_sm90_20260829T214607Z.json,kb_new_sm90_20260829T214607Z.json,kb_new_sm90_20260829T214607Z.json,kb_new_sm90_20260829T214607Z.json,kb_new_sm90_20260829T214607Z.json,kb_new_sm90_20260829T214607Z.json,kb_new_sm90_20260829T214607Z.json,kb_new_sm90_20260829T214607Z.json,kb_new_sm90_20260829T214607Z.json,kb_new_sm90_20260829T214607Z.json,kb_new_sm90_20260829T214607Z.json,kb_new_sm90_20260829T214607Z.json,kb_new_sm90_20260829T214607Z.json,kb_new_sm90_20260829T214607Z.json,kb_new_sm90_20260829T214607Z.json,kb_new_sm90_20260829T214607Z.json,kb_new_sm90_20260829T214607Z.json,kb_new_sm90_20260829T214607Z.json,kb_new_sm90_20260829T214607Z.json,kb_new_sm90_20260829T214607Z.json,kb_new_sm90_20260829T214607Z.json,kb_new_sm90_20260829T214607Z.json,kb_new_sm90_20260829T214607Z.json,kb_new_sm90_20260829T214607Z.json,kb_new_sm90_20260829T214607Z.json,kb_new_sm90_20260829T214607Z.json,kb_new_sm90_20260829T214607Z.json,kb_new_sm90_20260829T214607Z.json,kb_new_sm90_20260829T214607Z.json
role (baseline us / new us / ratio),,,,,,,,,,,,,,,,,,,,,,,,,,,,,,,,,,,,,,,,,,,,,,,,,,
k_mean,26.3/27.8/0.945,31.1/31.7/0.979,96.8/96.4/1.004,129.7/129.6/1.001,10.6/10.8/0.977,11.0/11.0/0.992,10.7/11.1/0.962,14.6/14.2/1.027,14.8/14.2/1.041,17.5/17.7/0.988,24.3/22.6/1.074,28.7/29.3/0.982,29.7/28.8/1.032,36.3/36.2/1.002,30.8/30.8/0.998,43.4/44.1/0.985,47.0/47.2/0.996,45.2/43.9/1.028,45.9/45.6/1.008,48.5/47.9/1.011,48.3/46.7/1.036,62.5/62.2/1.005,68.1/67.8/1.004,112.6/112.1/1.004,97.2/96.6/1.006,164.2/164.4/0.998,129.6/130.2/0.996,228.4/229.3/0.996,62.9/62.7/1.003,62.1/63.7/0.975,60.1/59.3/1.014,71.6/71.1/1.008,71.3/71.1/1.002,100.9/100.7/1.002,115.2/114.3/1.008,212.2/213.0/0.996,170.3/168.4/1.012,322.9/319.9/1.009,232.7/232.4/1.001,449.0/453.5/0.990,46.0/44.2/1.041,58.5/57.7/1.015,72.6/72.5/1.002,217.6/218.0/0.998,327.9/328.1/0.999,469.8/469.5/1.001,26.7/27.2/0.982,34.3/34.6/0.992,108.3/108.1/1.002,165.4/164.9/1.003
quant_q,28.1/23.5/1.195,39.5/34.1/1.158,213.4/180.7/1.181,297.6/254.9/1.167,3.2/2.8/1.137,6.1/5.0/1.215,5.0/4.2/1.196,9.4/7.5/1.249,9.6/7.5/1.270,15.9/13.1/1.213,19.2/14.8/1.296,32.9/26.9/1.219,32.7/25.1/1.300,54.4/44.2/1.231,37.1/30.5/1.218,71.8/59.3/1.212,18.0/15.0/1.205,32.3/26.5/1.220,27.6/22.9/1.205,51.6/43.5/1.187,52.6/42.8/1.229,107.7/91.1/1.182,128.3/108.9/1.179,259.0/218.3/1.186,215.4/181.8/1.185,431.4/361.2/1.194,302.5/253.7/1.192,610.6/526.7/1.159,32.9/27.1/1.214,64.8/54.8/1.183,54.6/46.2/1.184,108.7/92.2/1.179,109.0/91.7/1.189,219.0/184.9/1.184,260.9/218.6/1.194,521.8/438.1/1.191,440.4/368.6/1.195,881.3/739.2/1.192,607.4/516.8/1.175,1184.4/1042.2/1.136,64.2/53.3/1.203,104.8/87.4/1.198,145.3/124.4/1.168,536.7/458.7/1.170,915.9/772.0/1.186,1262.9/1067.4/1.183,33.0/27.7/1.190,54.3/43.1/1.261,250.5/205.7/1.218,420.5/355.9/1.182
quant_k,34.6/35.9/0.963,44.0/45.2/0.973,218.4/223.9/0.975,300.1/308.2/0.974,7.2/8.7/0.832,8.9/10.4/0.858,8.3/9.5/0.878,10.5/12.3/0.858,10.4/12.1/0.860,17.9/19.7/0.905,22.4/23.0/0.976,39.0/39.7/0.983,38.9/39.1/0.995,62.6/64.7/0.966,43.1/43.9/0.983,81.9/83.7/0.978,20.7/22.7/0.911,39.2/39.5/0.993,34.1/35.6/0.957,61.6/65.3/0.944,62.1/64.0/0.970,113.7/116.6/0.975,135.1/137.9/0.980,259.8/266.2/0.976,219.1/224.2/0.977,420.9/432.2/0.974,300.7/308.5/0.975,580.1/600.4/0.966,38.6/39.8/0.972,71.5/73.5/0.972,62.1/64.9/0.957,113.3/116.7/0.971,113.2/116.8/0.969,219.8/224.6/0.979,260.3/266.4/0.977,500.9/516.2/0.970,421.3/433.7/0.971,817.9/846.3/0.966,579.9/599.4/0.967,1131.1/1176.8/0.961,71.5/73.9/0.967,112.8/115.9/0.973,155.4/158.8/0.979,501.8/519.2/0.966,819.8/853.2/0.961,1137.2/1180.9/0.963,39.3/40.3/0.977,62.7/64.9/0.966,259.0/263.7/0.982,420.3/432.0/0.973
transpose_pad,104.8/0.0/0.000,151.3/0.0/0.000,819.4/252.0/3.252,1150.8/354.5/3.247,11.6/0.0/0.000,17.7/0.0/0.000,16.5/0.0/0.000,28.8/0.0/0.000,28.6/0.0/0.000,54.0/0.0/0.000,67.9/0.0/0.000,124.2/0.0/0.000,125.8/0.0/0.000,206.4/0.0/0.000,139.3/0.0/0.000,271.7/0.0/0.000,62.7/21.3/2.948,121.8/38.2/3.187,102.3/32.7/3.132,196.0/62.9/3.119,199.3/62.5/3.190,414.2/127.1/3.260,492.1/152.4/3.229,1001.9/304.0/3.296,830.2/252.8/3.284,1672.0/502.0/3.331,1173.2/353.5/3.319,2380.6/727.8/3.271,123.8/39.5/3.136,248.2/77.6/3.198,209.5/65.7/3.186,421.9/128.4/3.285,419.6/128.4/3.268,848.2/256.0/3.313,1014.0/303.8/3.338,2027.6/609.6/3.326,1714.6/510.9/3.356,3445.4/1024.2/3.364,2362.6/716.9/3.296,4584.3/1441.7/3.180,246.9/76.2/3.242,400.3/123.7/3.237,556.2/175.7/3.165,2104.2/632.3/3.328,3604.8/1063.3/3.390,4941.4/1471.2/3.359,124.4/0.0/0.000,207.6/0.0/0.000,963.0/290.2/3.318,1622.6/497.4/3.262
mean_scale_fp8,20.4/0.0/0.000,28.8/0.0/0.000,196.3/190.4/1.031,276.8/268.2/1.032,2.9/0.0/0.000,4.2/0.0/0.000,3.7/0.0/0.000,6.1/0.0/0.000,6.0/0.0/0.000,10.3/0.0/0.000,12.8/0.0/0.000,24.1/0.0/0.000,23.2/0.0/0.000,39.7/0.0/0.000,27.8/0.0/0.000,53.1/0.0/0.000,9.8/9.2/1.061,25.7/27.7/0.928,18.7/19.5/0.960,50.1/45.0/1.113,49.8/44.7/1.115,98.4/97.2/1.013,118.9/114.0/1.043,236.4/227.7/1.038,196.3/190.6/1.030,397.8/382.5/1.040,276.9/268.7/1.031,549.5/530.4/1.036,28.2/27.6/1.021,61.1/61.3/0.997,49.2/50.1/0.982,107.5/102.5/1.048,107.3/102.0/1.052,200.1/204.1/0.981,240.5/242.3/0.993,479.5/481.1/0.997,399.8/400.6/0.998,799.4/798.1/1.002,559.1/560.6/0.997,1115.5/1116.7/0.999,49.7/44.0/1.128,84.7/78.0/1.087,120.2/109.0/1.104,479.6/481.8/0.995,795.9/798.6/0.997,1115.5/1119.0/0.997,51.1/0.0/0.000,85.7/0.0/0.000,158.8/167.7/0.947,271.5/281.1/0.966
transpose_quant_fused,0.0/49.5/0.000,0.0/89.9/0.000,0.0/0.0/0.000,0.0/0.0/0.000,0.0/16.9/0.000,0.0/20.6/0.000,0.0/17.8/0.000,0.0/24.7/0.000,0.0/24.4/0.000,0.0/32.4/0.000,0.0/33.1/0.000,0.0/55.1/0.000,0.0/52.4/0.000,0.0/97.4/0.000,0.0/84.5/0.000,0.0/138.8/0.000,0.0/0.0/0.000,0.0/0.0/0.000,0.0/0.0/0.000,0.0/0.0/0.000,0.0/0.0/0.000,0.0/0.0/0.000,0.0/0.0/0.000,0.0/0.0/0.000,0.0/0.0/0.000,0.0/0.0/0.000,0.0/0.0/0.000,0.0/0.0/0.000,0.0/0.0/0.000,0.0/0.0/0.000,0.0/0.0/0.000,0.0/0.0/0.000,0.0/0.0/0.000,0.0/0.0/0.000,0.0/0.0/0.000,0.0/0.0/0.000,0.0/0.0/0.000,0.0/0.0/0.000,0.0/0.0/0.000,0.0/0.0/0.000,0.0/0.0/0.000,0.0/0.0/0.000,0.0/0.0/0.000,0.0/0.0/0.000,0.0/0.0/0.000,0.0/0.0/0.000,0.0/63.9/0.000,0.0/99.9/0.000,0.0/0.0/0.000,0.0/0.0/0.000
fill_memset,1.1/1.1/0.975,1.1/1.2/0.905,1.1/1.0/1.080,1.1/1.1/1.048,0.7/0.7/1.004,0.9/0.9/0.959,0.7/0.9/0.865,0.9/1.0/0.884,0.9/1.0/0.929,1.0/1.0/1.003,1.0/1.0/1.009,1.2/1.1/1.028,1.1/1.2/0.928,1.3/1.2/1.117,1.1/1.2/0.964,1.2/1.2/0.995,0.9/0.9/0.993,1.0/0.7/1.291,1.0/1.0/1.000,1.0/0.9/1.142,0.9/1.0/0.941,1.1/1.0/1.031,1.0/1.0/1.013,1.1/1.0/1.018,1.1/1.0/1.084,1.2/1.1/1.096,1.0/1.0/1.013,1.1/1.1/1.000,0.7/0.9/0.843,0.8/0.9/0.904,0.8/0.9/0.872,0.9/0.9/0.977,0.9/0.9/1.024,0.9/0.9/1.037,0.9/0.9/1.024,0.9/0.9/1.047,0.9/0.9/1.024,1.0/0.9/1.045,0.9/0.9/1.000,1.0/0.9/1.022,1.0/1.0/1.033,1.0/1.2/0.831,1.0/1.0/0.969,0.9/0.9/0.988,0.9/0.9/1.000,1.0/0.9/1.023,1.1/1.1/0.975,1.2/1.3/0.953,1.2/1.3/0.960,1.3/1.2/1.082
attention,262.3/253.5/1.035,366.8/367.2/0.999,13226.0/13178.7/1.004,18523.0/18641.2/0.994,53.4/51.7/1.034,73.4/76.9/0.954,73.2/77.9/0.939,122.7/117.2/1.047,122.0/116.6/1.046,233.0/225.6/1.033,289.4/262.3/1.103,521.9/499.7/1.044,525.5/460.6/1.141,860.5/822.3/1.046,587.4/570.5/1.030,1138.7/1106.5/1.029,1964.6/2007.5/0.979,3796.4/3727.8/1.018,3185.0/3171.9/1.004,6088.4/6212.2/0.980,6217.2/6041.6/1.029,13133.8/13202.6/0.995,15680.0/15807.2/0.992,31910.4/31994.0/0.997,26484.5/26442.4/1.002,53006.7/52806.1/1.004,37149.7/37371.7/0.994,75099.2/77383.1/0.970,7693.1/7633.9/1.008,15642.4/15735.4/0.994,13132.3/13226.2/0.993,26425.0/26710.9/0.989,26507.8/26691.3/0.993,53623.0/53668.6/0.999,63937.8/63884.8/1.001,127544.9/128411.4/0.993,107557.0/107270.4/1.003,215432.0/215195.3/1.001,150256.6/153204.4/0.981,301017.5/305372.7/0.986,3877.2/3845.2/1.008,6357.0/6362.0/0.999,8820.4/9151.1/0.964,266173.0/265655.5/1.002,441198.0/445730.9/0.990,623299.1/625980.4/0.996,158.6/153.4/1.034,261.0/235.5/1.108,7821.2/7583.5/1.031,13192.9/13301.7/0.992
TOTAL,477.5/391.3/1.220,662.5/569.3/1.164,14771.4/14123.2/1.046,20679.1/19957.6/1.036,89.7/91.6/0.979,122.0/124.8/0.978,118.2/121.4/0.974,193.0/177.0/1.091,192.3/175.8/1.094,349.6/309.5/1.129,437.1/356.9/1.225,771.9/651.8/1.184,776.9/607.3/1.279,1261.1/1065.9/1.183,866.6/761.3/1.138,1661.8/1433.6/1.159,2123.7/2123.7/1.000,4061.6/3904.4/1.040,3414.6/3329.1/1.026,6497.2/6477.6/1.003,6630.3/6303.1/1.052,13931.5/13697.9/1.017,16623.5/16389.1/1.014,33781.1/33123.5/1.020,28043.8/27389.5/1.024,56094.1/54649.4/1.026,39333.7/38687.3/1.017,79449.4/79998.8/0.993,7980.3/7831.4/1.019,16150.9/16067.2/1.005,13568.7/13513.4/1.004,27249.0/27222.7/1.001,27329.1/27202.2/1.005,55211.9/54639.7/1.010,65829.7/65031.0/1.012,131287.8/130670.3/1.005,110704.3/109153.4/1.014,221699.8/218924.0/1.013,154599.3/155831.4/0.992,309482.8/310604.6/0.996,4356.4/4137.8/1.053,7119.1/6825.8/1.043,9871.2/9792.5/1.008,270013.6/267966.4/1.008,447663.1/449546.9/0.996,632227.0/631289.2/1.001,434.2/313.6/1.385,706.8/479.3/1.475,9562.0/8620.2/1.109,16094.6/15034.2/1.071
