shape_id,group,s,causal,base_r1,base_r2,base_r3,base_r4,fix_r1,fix_r2,fix_r3,fix_r4,ratio_r1,ratio_r2,ratio_r3,ratio_r4,ratio_gm
b8h24s1024,serving,1024,False,517.4,500.85,495.09,494.48,487.31,503.06,487.55,499.28,1.0617,0.9956,1.0155,0.9904,1.0154
b8h40s1024,serving,1024,False,791.82,805.7,808.86,794.61,797.79,802.44,788.08,803.25,0.9925,1.0041,1.0264,0.9892,1.0029
b1h10s4096,core,4096,False,410.2,437.38,412.46,427.23,431.72,421.72,426.63,422.94,0.9502,1.0371,0.9668,1.0101,0.9905
b1h24s4096,core,4096,False,991.03,1019.68,1013.08,1025.14,1012.29,1038.97,1006.39,1018.16,0.979,0.9814,1.0066,1.0069,0.9934
b1h3s4096,core,4096,False,172.64,170.6,178.82,180.49,168.07,175.79,176.17,170.19,1.0272,0.9704,1.015,1.0605,1.0178
b1h40s4096,core,4096,False,1479.63,1499.02,1510.72,1484.39,1501.1,1501.48,1494.68,1496.77,0.9857,0.9984,1.0107,0.9917,0.9966
b1h40s4096c,causal,4096,True,912.76,900.61,907.83,920.46,935.05,899.67,886.85,913.3,0.9762,1.001,1.0237,1.0078,1.002
b1h56s4096,core,4096,False,2011.5,2026.01,2012.47,2033.17,2022.16,2036.03,2019.96,2037.83,0.9947,0.9951,0.9963,0.9977,0.996
b1h56s4096c,causal,4096,True,1187.02,1235.96,1209.3,1194.84,1185.67,1193.99,1201.8,1191.59,1.0011,1.0351,1.0062,1.0027,1.0112
b1h5s4096,core,4096,False,275.6,268.82,263.4,267.25,278.64,280.59,269.28,273.88,0.9891,0.958,0.9782,0.9758,0.9752
b2h10s4096,core,4096,False,747.21,748.92,747.85,758.9,750.82,746.95,761.47,750.98,0.9952,1.0026,0.9821,1.0105,0.9976
b2h24s4096,core,4096,False,1802.93,1803.01,1800.16,1822.19,1820.01,1817.09,1808.59,1810.37,0.9906,0.9923,0.9953,1.0065,0.9962
b2h3s4096,core,4096,False,260.22,260.99,266.51,267.99,255.99,261.94,261.52,258.29,1.0165,0.9964,1.0191,1.0375,1.0173
b2h40s4096,core,4096,False,2881.27,2955.37,2907.68,2949.6,2945.87,2967.19,2917.98,2967.22,0.9781,0.996,0.9965,0.9941,0.9911
b2h56s4096,core,4096,False,4122.0,4238.61,4157.67,4220.37,4162.45,4298.86,4134.29,4253.97,0.9903,0.986,1.0057,0.9921,0.9935
b2h5s4096,core,4096,False,399.62,401.18,401.32,405.57,403.74,409.64,403.75,414.97,0.9898,0.9793,0.994,0.9774,0.9851
b8h24s8192,serving,8192,False,29843.64,30462.06,30286.31,30720.65,30358.18,30769.31,29845.14,30566.61,0.9831,0.99,1.0148,1.005,0.9981
b8h40s8192,serving,8192,False,49527.59,50738.69,50415.56,50806.17,50458.96,51006.78,49824.43,50918.74,0.9815,0.9947,1.0119,0.9978,0.9964
b1h24s16384,longctx,16384,False,14798.93,15294.42,15213.41,15323.62,15037.87,15205.29,14892.62,15354.94,0.9841,1.0059,1.0215,0.998,1.0023
b1h40s16384,longctx,16384,False,24518.93,25412.8,25289.26,25276.61,25228.85,25445.7,24785.02,25489.05,0.9719,0.9987,1.0203,0.9917,0.9955
b1h56s16384,longctx,16384,False,34201.85,35250.04,34911.4,35390.94,34800.12,35633.75,34293.49,35195.35,0.9828,0.9892,1.018,1.0056,0.9988
b1h10s32768,core,32768,False,24631.11,25470.96,25207.15,25564.75,25410.69,25472.23,24736.81,25386.25,0.9693,1.0,1.019,1.007,0.9987
b1h24s32768,core,32768,False,58090.91,60351.96,59514.19,60132.67,59856.32,60664.92,58381.52,60331.3,0.9705,0.9948,1.0194,0.9967,0.9952
b1h3s32768,core,32768,False,7703.9,7885.04,7867.61,8037.07,7884.62,7888.54,7728.27,8005.98,0.9771,0.9996,1.018,1.0039,0.9995
b1h40s32768,core,32768,False,96567.55,99613.76,98880.57,99957.01,98516.57,100410.78,97201.48,100168.49,0.9802,0.9921,1.0173,0.9979,0.9968
b1h40s32768c,causal,32768,True,49996.51,51502.21,50842.49,51680.2,50947.77,51525.22,50122.75,51465.68,0.9813,0.9996,1.0144,1.0042,0.9998
b1h56s32768,core,32768,False,134235.88,139724.83,137744.89,141015.49,138135.92,141495.64,135305.88,140397.15,0.9718,0.9875,1.018,1.0044,0.9953
b1h56s32768c,causal,32768,True,70012.99,71387.31,71189.07,71525.29,71125.12,71985.92,69978.81,71722.64,0.9844,0.9917,1.0173,0.9972,0.9976
b1h5s32768,core,32768,False,12290.0,12623.48,12485.17,12724.16,12574.67,12560.79,12309.71,12575.54,0.9774,1.005,1.0143,1.0118,1.002
b2h10s32768,core,32768,False,48973.16,50528.88,49776.32,50462.85,50308.74,50654.44,49251.57,50795.44,0.9735,0.9975,1.0107,0.9935,0.9937
b2h24s32768,core,32768,False,116824.38,120551.53,119332.61,121066.19,119486.52,121723.87,117070.66,120846.71,0.9777,0.9904,1.0193,1.0018,0.9972
b2h3s32768,core,32768,False,15004.29,15643.1,15563.01,15769.58,15393.94,15646.94,15110.59,15837.48,0.9747,0.9998,1.0299,0.9957,0.9998
b2h40s32768,core,32768,False,193754.65,200098.69,197983.24,201320.53,198482.21,201810.08,194495.46,200863.44,0.9762,0.9915,1.0179,1.0023,0.9969
b2h56s32768,core,32768,False,268793.37,279314.85,275839.74,281358.61,276338.7,281987.69,270075.2,280274.56,0.9727,0.9905,1.0213,1.0039,0.9969
b2h5s32768,core,32768,False,24547.7,25255.15,25152.0,25366.63,25008.67,25485.86,24463.44,25392.84,0.9816,0.9909,1.0281,0.999,0.9998
b1h10s65536,core,65536,False,97974.29,101136.46,100208.89,101700.08,100314.98,102018.99,98934.06,101027.71,0.9767,0.9913,1.0129,1.0067,0.9968
b1h24s65536,core,65536,False,233306.34,240867.42,238298.57,242727.26,239244.77,241989.99,234919.32,242368.44,0.9752,0.9954,1.0144,1.0015,0.9965
b1h3s65536,core,65536,False,30451.43,31165.73,31252.21,31331.83,31091.74,31508.35,30362.13,31575.08,0.9794,0.9891,1.0293,0.9923,0.9974
b1h40s65536,core,65536,False,386817.48,400275.32,396509.53,403610.84,396714.68,403874.45,388913.66,401348.9,0.9751,0.9911,1.0195,1.0056,0.9977
b1h56s65536,core,65536,False,540229.19,559374.47,552407.3,563242.98,553749.04,563359.44,541801.22,560555.75,0.9756,0.9929,1.0196,1.0048,0.9981
b1h5s65536,core,65536,False,49152.84,50274.89,50350.1,50731.22,50126.45,50709.55,49089.39,50789.71,0.9806,0.9914,1.0257,0.9988,0.999
b2h10s65536,core,65536,False,194575.44,201243.81,198890.06,202091.0,198918.05,202818.06,195838.17,201115.89,0.9782,0.9922,1.0156,1.0048,0.9976
b2h24s65536,core,65536,False,466847.35,481243.07,476814.66,484552.57,477631.2,484154.48,468926.61,483540.95,0.9774,0.994,1.0168,1.0021,0.9975
b2h3s65536,core,65536,False,59418.72,60884.7,60495.77,61060.01,60637.44,61276.77,59399.79,60968.32,0.9799,0.9936,1.0185,1.0015,0.9983
b2h40s65536,core,65536,False,775111.31,800705.98,793780.01,806433.17,794529.05,807735.24,780010.79,804510.02,0.9756,0.9913,1.0177,1.0024,0.9966
b2h56s65536,core,65536,False,1080605.52,1118325.23,1107062.26,1127063.76,1108294.24,1128373.25,1086095.21,1123166.56,0.975,0.9911,1.0193,1.0035,0.9971
b2h5s65536,core,65536,False,98330.76,100832.81,100027.14,101403.82,99943.48,101458.06,98763.06,101531.83,0.9839,0.9938,1.0128,0.9987,0.9973
b1h24s131072,longctx,131072,False,946080.7,966391.39,962223.31,971610.84,962608.49,973188.16,949641.75,972252.29,0.9828,0.993,1.0132,0.9993,0.997
b1h40s131072,longctx,131072,False,1574510.3,1613511.71,1605162.69,1619387.52,1603756.4,1623290.93,1580499.86,1619573.59,0.9818,0.994,1.0156,0.9999,0.9977
b1h56s131072,longctx,131072,False,2195786.08,2256740.52,2240195.53,2268684.82,2241266.47,2270799.92,2203604.15,2264083.92,0.9797,0.9938,1.0166,1.002,0.9979
