74	3872	_ZN4sage11sm80_varlen25qk_int_sv_f16_attn_kernelILj128ELj64ELj32ELj64ELj128EL8DataType1EL16QuantGranularity2ELS3_2EfLb0E13__nv_bfloat16L11ComputeUnit0EL8MaskMode0ELb0ELb0EEEvPKaS8_PK6__halfPT9_PfPKfSG_PKSC_PKiSK_jjjjljlljlljlljlf
74	3928	_ZN4sage11sm80_varlen25qk_int_sv_f16_attn_kernelILj128ELj64ELj32ELj64ELj128EL8DataType1EL16QuantGranularity2ELS3_2EfLb0E13__nv_bfloat16L11ComputeUnit0EL8MaskMode0ELb1ELb0EEEvPKaS8_PK6__halfPT9_PfPKfSG_PKSC_PKiSK_jjjjljlljlljlljlf
77	4480	_ZN4sage11sm80_varlen25qk_int_sv_f16_attn_kernelILj128ELj64ELj32ELj64ELj128EL8DataType1EL16QuantGranularity2ELS3_2EfLb0E13__nv_bfloat16L11ComputeUnit0EL8MaskMode1ELb0ELb0EEEvPKaS8_PK6__halfPT9_PfPKfSG_PKSC_PKiSK_jjjjljlljlljlljlf
139	4400	_ZN4sage11sm80_varlen25qk_int_sv_f16_attn_kernelILj128ELj64ELj32ELj64ELj128EL8DataType1EL16QuantGranularity2ELS3_2EfLb0E13__nv_bfloat16L11ComputeUnit0EL8MaskMode1ELb1ELb0EEEvPKaS8_PK6__halfPT9_PfPKfSG_PKSC_PKiSK_jjjjljlljlljlljlf
74	3872	_ZN4sage11sm80_varlen25qk_int_sv_f16_attn_kernelILj128ELj64ELj32ELj64ELj128EL8DataType1EL16QuantGranularity2ELS3_2EfLb0E6__halfL11ComputeUnit0EL8MaskMode0ELb0ELb0EEEvPKaS8_PKS4_PT9_PfPKfSF_PKSB_PKiSJ_jjjjljlljlljlljlf
74	3928	_ZN4sage11sm80_varlen25qk_int_sv_f16_attn_kernelILj128ELj64ELj32ELj64ELj128EL8DataType1EL16QuantGranularity2ELS3_2EfLb0E6__halfL11ComputeUnit0EL8MaskMode0ELb1ELb0EEEvPKaS8_PKS4_PT9_PfPKfSF_PKSB_PKiSJ_jjjjljlljlljlljlf
77	4480	_ZN4sage11sm80_varlen25qk_int_sv_f16_attn_kernelILj128ELj64ELj32ELj64ELj128EL8DataType1EL16QuantGranularity2ELS3_2EfLb0E6__halfL11ComputeUnit0EL8MaskMode1ELb0ELb0EEEvPKaS8_PKS4_PT9_PfPKfSF_PKSB_PKiSJ_jjjjljlljlljlljlf
139	4400	_ZN4sage11sm80_varlen25qk_int_sv_f16_attn_kernelILj128ELj64ELj32ELj64ELj128EL8DataType1EL16QuantGranularity2ELS3_2EfLb0E6__halfL11ComputeUnit0EL8MaskMode1ELb1ELb0EEEvPKaS8_PKS4_PT9_PfPKfSF_PKSB_PKiSJ_jjjjljlljlljlljlf
79	3888	_ZN4sage11sm80_varlen25qk_int_sv_f16_attn_kernelILj128ELj64ELj32ELj64ELj128EL8DataType1EL16QuantGranularity3ELS3_3EfLb0E13__nv_bfloat16L11ComputeUnit0EL8MaskMode0ELb0ELb0EEEvPKaS8_PK6__halfPT9_PfPKfSG_PKSC_PKiSK_jjjjljlljlljlljlf
82	3944	_ZN4sage11sm80_varlen25qk_int_sv_f16_attn_kernelILj128ELj64ELj32ELj64ELj128EL8DataType1EL16QuantGranularity3ELS3_3EfLb0E13__nv_bfloat16L11ComputeUnit0EL8MaskMode0ELb1ELb0EEEvPKaS8_PK6__halfPT9_PfPKfSG_PKSC_PKiSK_jjjjljlljlljlljlf
79	4464	_ZN4sage11sm80_varlen25qk_int_sv_f16_attn_kernelILj128ELj64ELj32ELj64ELj128EL8DataType1EL16QuantGranularity3ELS3_3EfLb0E13__nv_bfloat16L11ComputeUnit0EL8MaskMode1ELb0ELb0EEEvPKaS8_PK6__halfPT9_PfPKfSG_PKSC_PKiSK_jjjjljlljlljlljlf
142	4392	_ZN4sage11sm80_varlen25qk_int_sv_f16_attn_kernelILj128ELj64ELj32ELj64ELj128EL8DataType1EL16QuantGranularity3ELS3_3EfLb0E13__nv_bfloat16L11ComputeUnit0EL8MaskMode1ELb1ELb0EEEvPKaS8_PK6__halfPT9_PfPKfSG_PKSC_PKiSK_jjjjljlljlljlljlf
79	3888	_ZN4sage11sm80_varlen25qk_int_sv_f16_attn_kernelILj128ELj64ELj32ELj64ELj128EL8DataType1EL16QuantGranularity3ELS3_3EfLb0E6__halfL11ComputeUnit0EL8MaskMode0ELb0ELb0EEEvPKaS8_PKS4_PT9_PfPKfSF_PKSB_PKiSJ_jjjjljlljlljlljlf
82	3944	_ZN4sage11sm80_varlen25qk_int_sv_f16_attn_kernelILj128ELj64ELj32ELj64ELj128EL8DataType1EL16QuantGranularity3ELS3_3EfLb0E6__halfL11ComputeUnit0EL8MaskMode0ELb1ELb0EEEvPKaS8_PKS4_PT9_PfPKfSF_PKSB_PKiSJ_jjjjljlljlljlljlf
79	4464	_ZN4sage11sm80_varlen25qk_int_sv_f16_attn_kernelILj128ELj64ELj32ELj64ELj128EL8DataType1EL16QuantGranularity3ELS3_3EfLb0E6__halfL11ComputeUnit0EL8MaskMode1ELb0ELb0EEEvPKaS8_PKS4_PT9_PfPKfSF_PKSB_PKiSJ_jjjjljlljlljlljlf
142	4392	_ZN4sage11sm80_varlen25qk_int_sv_f16_attn_kernelILj128ELj64ELj32ELj64ELj128EL8DataType1EL16QuantGranularity3ELS3_3EfLb0E6__halfL11ComputeUnit0EL8MaskMode1ELb1ELb0EEEvPKaS8_PKS4_PT9_PfPKfSF_PKSB_PKiSJ_jjjjljlljlljlljlf
40	2712	_ZN4sage11sm80_varlen25qk_int_sv_f16_attn_kernelILj128ELj64ELj32ELj64ELj64EL8DataType1EL16QuantGranularity2ELS3_2EfLb0E13__nv_bfloat16L11ComputeUnit0EL8MaskMode0ELb0ELb0EEEvPKaS8_PK6__halfPT9_PfPKfSG_PKSC_PKiSK_jjjjljlljlljlljlf
41	2784	_ZN4sage11sm80_varlen25qk_int_sv_f16_attn_kernelILj128ELj64ELj32ELj64ELj64EL8DataType1EL16QuantGranularity2ELS3_2EfLb0E13__nv_bfloat16L11ComputeUnit0EL8MaskMode0ELb1ELb0EEEvPKaS8_PK6__halfPT9_PfPKfSG_PKSC_PKiSK_jjjjljlljlljlljlf
40	3032	_ZN4sage11sm80_varlen25qk_int_sv_f16_attn_kernelILj128ELj64ELj32ELj64ELj64EL8DataType1EL16QuantGranularity2ELS3_2EfLb0E13__nv_bfloat16L11ComputeUnit0EL8MaskMode1ELb0ELb0EEEvPKaS8_PK6__halfPT9_PfPKfSG_PKSC_PKiSK_jjjjljlljlljlljlf
71	3016	_ZN4sage11sm80_varlen25qk_int_sv_f16_attn_kernelILj128ELj64ELj32ELj64ELj64EL8DataType1EL16QuantGranularity2ELS3_2EfLb0E13__nv_bfloat16L11ComputeUnit0EL8MaskMode1ELb1ELb0EEEvPKaS8_PK6__halfPT9_PfPKfSG_PKSC_PKiSK_jjjjljlljlljlljlf
40	2712	_ZN4sage11sm80_varlen25qk_int_sv_f16_attn_kernelILj128ELj64ELj32ELj64ELj64EL8DataType1EL16QuantGranularity2ELS3_2EfLb0E6__halfL11ComputeUnit0EL8MaskMode0ELb0ELb0EEEvPKaS8_PKS4_PT9_PfPKfSF_PKSB_PKiSJ_jjjjljlljlljlljlf
41	2784	_ZN4sage11sm80_varlen25qk_int_sv_f16_attn_kernelILj128ELj64ELj32ELj64ELj64EL8DataType1EL16QuantGranularity2ELS3_2EfLb0E6__halfL11ComputeUnit0EL8MaskMode0ELb1ELb0EEEvPKaS8_PKS4_PT9_PfPKfSF_PKSB_PKiSJ_jjjjljlljlljlljlf
40	3032	_ZN4sage11sm80_varlen25qk_int_sv_f16_attn_kernelILj128ELj64ELj32ELj64ELj64EL8DataType1EL16QuantGranularity2ELS3_2EfLb0E6__halfL11ComputeUnit0EL8MaskMode1ELb0ELb0EEEvPKaS8_PKS4_PT9_PfPKfSF_PKSB_PKiSJ_jjjjljlljlljlljlf
71	3016	_ZN4sage11sm80_varlen25qk_int_sv_f16_attn_kernelILj128ELj64ELj32ELj64ELj64EL8DataType1EL16QuantGranularity2ELS3_2EfLb0E6__halfL11ComputeUnit0EL8MaskMode1ELb1ELb0EEEvPKaS8_PKS4_PT9_PfPKfSF_PKSB_PKiSJ_jjjjljlljlljlljlf
40	2712	_ZN4sage11sm80_varlen25qk_int_sv_f16_attn_kernelILj128ELj64ELj32ELj64ELj64EL8DataType1EL16QuantGranularity3ELS3_3EfLb0E13__nv_bfloat16L11ComputeUnit0EL8MaskMode0ELb0ELb0EEEvPKaS8_PK6__halfPT9_PfPKfSG_PKSC_PKiSK_jjjjljlljlljlljlf
41	2792	_ZN4sage11sm80_varlen25qk_int_sv_f16_attn_kernelILj128ELj64ELj32ELj64ELj64EL8DataType1EL16QuantGranularity3ELS3_3EfLb0E13__nv_bfloat16L11ComputeUnit0EL8MaskMode0ELb1ELb0EEEvPKaS8_PK6__halfPT9_PfPKfSG_PKSC_PKiSK_jjjjljlljlljlljlf
40	3048	_ZN4sage11sm80_varlen25qk_int_sv_f16_attn_kernelILj128ELj64ELj32ELj64ELj64EL8DataType1EL16QuantGranularity3ELS3_3EfLb0E13__nv_bfloat16L11ComputeUnit0EL8MaskMode1ELb0ELb0EEEvPKaS8_PK6__halfPT9_PfPKfSG_PKSC_PKiSK_jjjjljlljlljlljlf
72	3104	_ZN4sage11sm80_varlen25qk_int_sv_f16_attn_kernelILj128ELj64ELj32ELj64ELj64EL8DataType1EL16QuantGranularity3ELS3_3EfLb0E13__nv_bfloat16L11ComputeUnit0EL8MaskMode1ELb1ELb0EEEvPKaS8_PK6__halfPT9_PfPKfSG_PKSC_PKiSK_jjjjljlljlljlljlf
40	2712	_ZN4sage11sm80_varlen25qk_int_sv_f16_attn_kernelILj128ELj64ELj32ELj64ELj64EL8DataType1EL16QuantGranularity3ELS3_3EfLb0E6__halfL11ComputeUnit0EL8MaskMode0ELb0ELb0EEEvPKaS8_PKS4_PT9_PfPKfSF_PKSB_PKiSJ_jjjjljlljlljlljlf
41	2792	_ZN4sage11sm80_varlen25qk_int_sv_f16_attn_kernelILj128ELj64ELj32ELj64ELj64EL8DataType1EL16QuantGranularity3ELS3_3EfLb0E6__halfL11ComputeUnit0EL8MaskMode0ELb1ELb0EEEvPKaS8_PKS4_PT9_PfPKfSF_PKSB_PKiSJ_jjjjljlljlljlljlf
40	3048	_ZN4sage11sm80_varlen25qk_int_sv_f16_attn_kernelILj128ELj64ELj32ELj64ELj64EL8DataType1EL16QuantGranularity3ELS3_3EfLb0E6__halfL11ComputeUnit0EL8MaskMode1ELb0ELb0EEEvPKaS8_PKS4_PT9_PfPKfSF_PKSB_PKiSJ_jjjjljlljlljlljlf
72	3104	_ZN4sage11sm80_varlen25qk_int_sv_f16_attn_kernelILj128ELj64ELj32ELj64ELj64EL8DataType1EL16QuantGranularity3ELS3_3EfLb0E6__halfL11ComputeUnit0EL8MaskMode1ELb1ELb0EEEvPKaS8_PKS4_PT9_PfPKfSF_PKSB_PKiSJ_jjjjljlljlljlljlf
34	2272	_ZN4sage4sm8025qk_int_sv_f16_attn_kernelILj128ELj64ELj16ELj64ELj128EL8DataType1EL16QuantGranularity2ELS3_2EfLb1E13__nv_bfloat16L11ComputeUnit0EL8MaskMode0ELb0ELb0EEEvPKaS8_PK6__halfPT9_PfPKfSG_PKSC_jjjljlljlljlljlf
33	2312	_ZN4sage4sm8025qk_int_sv_f16_attn_kernelILj128ELj64ELj16ELj64ELj128EL8DataType1EL16QuantGranularity2ELS3_2EfLb1E13__nv_bfloat16L11ComputeUnit0EL8MaskMode0ELb1ELb0EEEvPKaS8_PK6__halfPT9_PfPKfSG_PKSC_jjjljlljlljlljlf
34	2392	_ZN4sage4sm8025qk_int_sv_f16_attn_kernelILj128ELj64ELj16ELj64ELj128EL8DataType1EL16QuantGranularity2ELS3_2EfLb1E13__nv_bfloat16L11ComputeUnit0EL8MaskMode1ELb0ELb0EEEvPKaS8_PK6__halfPT9_PfPKfSG_PKSC_jjjljlljlljlljlf
34	2432	_ZN4sage4sm8025qk_int_sv_f16_attn_kernelILj128ELj64ELj16ELj64ELj128EL8DataType1EL16QuantGranularity2ELS3_2EfLb1E13__nv_bfloat16L11ComputeUnit0EL8MaskMode1ELb1ELb0EEEvPKaS8_PK6__halfPT9_PfPKfSG_PKSC_jjjljlljlljlljlf
34	2272	_ZN4sage4sm8025qk_int_sv_f16_attn_kernelILj128ELj64ELj16ELj64ELj128EL8DataType1EL16QuantGranularity2ELS3_2EfLb1E6__halfL11ComputeUnit0EL8MaskMode0ELb0ELb0EEEvPKaS8_PKS4_PT9_PfPKfSF_PKSB_jjjljlljlljlljlf
33	2312	_ZN4sage4sm8025qk_int_sv_f16_attn_kernelILj128ELj64ELj16ELj64ELj128EL8DataType1EL16QuantGranularity2ELS3_2EfLb1E6__halfL11ComputeUnit0EL8MaskMode0ELb1ELb0EEEvPKaS8_PKS4_PT9_PfPKfSF_PKSB_jjjljlljlljlljlf
34	2392	_ZN4sage4sm8025qk_int_sv_f16_attn_kernelILj128ELj64ELj16ELj64ELj128EL8DataType1EL16QuantGranularity2ELS3_2EfLb1E6__halfL11ComputeUnit0EL8MaskMode1ELb0ELb0EEEvPKaS8_PKS4_PT9_PfPKfSF_PKSB_jjjljlljlljlljlf
34	2432	_ZN4sage4sm8025qk_int_sv_f16_attn_kernelILj128ELj64ELj16ELj64ELj128EL8DataType1EL16QuantGranularity2ELS3_2EfLb1E6__halfL11ComputeUnit0EL8MaskMode1ELb1ELb0EEEvPKaS8_PKS4_PT9_PfPKfSF_PKSB_jjjljlljlljlljlf
36	2232	_ZN4sage4sm8025qk_int_sv_f16_attn_kernelILj128ELj64ELj16ELj64ELj128EL8DataType1EL16QuantGranularity3ELS3_3EfLb1E13__nv_bfloat16L11ComputeUnit0EL8MaskMode0ELb0ELb0EEEvPKaS8_PK6__halfPT9_PfPKfSG_PKSC_jjjljlljlljlljlf
37	2288	_ZN4sage4sm8025qk_int_sv_f16_attn_kernelILj128ELj64ELj16ELj64ELj128EL8DataType1EL16QuantGranularity3ELS3_3EfLb1E13__nv_bfloat16L11ComputeUnit0EL8MaskMode0ELb1ELb0EEEvPKaS8_PK6__halfPT9_PfPKfSG_PKSC_jjjljlljlljlljlf
34	2408	_ZN4sage4sm8025qk_int_sv_f16_attn_kernelILj128ELj64ELj16ELj64ELj128EL8DataType1EL16QuantGranularity3ELS3_3EfLb1E13__nv_bfloat16L11ComputeUnit0EL8MaskMode1ELb0ELb0EEEvPKaS8_PK6__halfPT9_PfPKfSG_PKSC_jjjljlljlljlljlf
34	2432	_ZN4sage4sm8025qk_int_sv_f16_attn_kernelILj128ELj64ELj16ELj64ELj128EL8DataType1EL16QuantGranularity3ELS3_3EfLb1E13__nv_bfloat16L11ComputeUnit0EL8MaskMode1ELb1ELb0EEEvPKaS8_PK6__halfPT9_PfPKfSG_PKSC_jjjljlljlljlljlf
36	2232	_ZN4sage4sm8025qk_int_sv_f16_attn_kernelILj128ELj64ELj16ELj64ELj128EL8DataType1EL16QuantGranularity3ELS3_3EfLb1E6__halfL11ComputeUnit0EL8MaskMode0ELb0ELb0EEEvPKaS8_PKS4_PT9_PfPKfSF_PKSB_jjjljlljlljlljlf
37	2288	_ZN4sage4sm8025qk_int_sv_f16_attn_kernelILj128ELj64ELj16ELj64ELj128EL8DataType1EL16QuantGranularity3ELS3_3EfLb1E6__halfL11ComputeUnit0EL8MaskMode0ELb1ELb0EEEvPKaS8_PKS4_PT9_PfPKfSF_PKSB_jjjljlljlljlljlf
34	2408	_ZN4sage4sm8025qk_int_sv_f16_attn_kernelILj128ELj64ELj16ELj64ELj128EL8DataType1EL16QuantGranularity3ELS3_3EfLb1E6__halfL11ComputeUnit0EL8MaskMode1ELb0ELb0EEEvPKaS8_PKS4_PT9_PfPKfSF_PKSB_jjjljlljlljlljlf
34	2432	_ZN4sage4sm8025qk_int_sv_f16_attn_kernelILj128ELj64ELj16ELj64ELj128EL8DataType1EL16QuantGranularity3ELS3_3EfLb1E6__halfL11ComputeUnit0EL8MaskMode1ELb1ELb0EEEvPKaS8_PKS4_PT9_PfPKfSF_PKSB_jjjljlljlljlljlf
68	3768	_ZN4sage4sm8025qk_int_sv_f16_attn_kernelILj128ELj64ELj32ELj64ELj128EL8DataType1EL16QuantGranularity2ELS3_2E6__halfLb0E13__nv_bfloat16L11ComputeUnit0EL8MaskMode0ELb0ELb0EEEvPKaS9_PKS4_PT9_PfPKfSG_PKSC_jjjljlljlljlljlf
68	3856	_ZN4sage4sm8025qk_int_sv_f16_attn_kernelILj128ELj64ELj32ELj64ELj128EL8DataType1EL16QuantGranularity2ELS3_2E6__halfLb0E13__nv_bfloat16L11ComputeUnit0EL8MaskMode0ELb0ELb1EEEvPKaS9_PKS4_PT9_PfPKfSG_PKSC_jjjljlljlljlljlf
67	3840	_ZN4sage4sm8025qk_int_sv_f16_attn_kernelILj128ELj64ELj32ELj64ELj128EL8DataType1EL16QuantGranularity2ELS3_2E6__halfLb0E13__nv_bfloat16L11ComputeUnit0EL8MaskMode0ELb1ELb0EEEvPKaS9_PKS4_PT9_PfPKfSG_PKSC_jjjljlljlljlljlf
68	3920	_ZN4sage4sm8025qk_int_sv_f16_attn_kernelILj128ELj64ELj32ELj64ELj128EL8DataType1EL16QuantGranularity2ELS3_2E6__halfLb0E13__nv_bfloat16L11ComputeUnit0EL8MaskMode0ELb1ELb1EEEvPKaS9_PKS4_PT9_PfPKfSG_PKSC_jjjljlljlljlljlf
67	4040	_ZN4sage4sm8025qk_int_sv_f16_attn_kernelILj128ELj64ELj32ELj64ELj128EL8DataType1EL16QuantGranularity2ELS3_2E6__halfLb0E13__nv_bfloat16L11ComputeUnit0EL8MaskMode1ELb0ELb0EEEvPKaS9_PKS4_PT9_PfPKfSG_PKSC_jjjljlljlljlljlf
68	4128	_ZN4sage4sm8025qk_int_sv_f16_attn_kernelILj128ELj64ELj32ELj64ELj128EL8DataType1EL16QuantGranularity2ELS3_2E6__halfLb0E13__nv_bfloat16L11ComputeUnit0EL8MaskMode1ELb0ELb1EEEvPKaS9_PKS4_PT9_PfPKfSG_PKSC_jjjljlljlljlljlf
67	4088	_ZN4sage4sm8025qk_int_sv_f16_attn_kernelILj128ELj64ELj32ELj64ELj128EL8DataType1EL16QuantGranularity2ELS3_2E6__halfLb0E13__nv_bfloat16L11ComputeUnit0EL8MaskMode1ELb1ELb0EEEvPKaS9_PKS4_PT9_PfPKfSG_PKSC_jjjljlljlljlljlf
67	4184	_ZN4sage4sm8025qk_int_sv_f16_attn_kernelILj128ELj64ELj32ELj64ELj128EL8DataType1EL16QuantGranularity2ELS3_2E6__halfLb0E13__nv_bfloat16L11ComputeUnit0EL8MaskMode1ELb1ELb1EEEvPKaS9_PKS4_PT9_PfPKfSG_PKSC_jjjljlljlljlljlf
68	3584	_ZN4sage4sm8025qk_int_sv_f16_attn_kernelILj128ELj64ELj32ELj64ELj128EL8DataType1EL16QuantGranularity2ELS3_2E6__halfLb0ES4_L11ComputeUnit0EL8MaskMode0ELb0ELb0EEEvPKaS8_PKS4_PT9_PfPKfSF_PKSB_jjjljlljlljlljlf
68	3664	_ZN4sage4sm8025qk_int_sv_f16_attn_kernelILj128ELj64ELj32ELj64ELj128EL8DataType1EL16QuantGranularity2ELS3_2E6__halfLb0ES4_L11ComputeUnit0EL8MaskMode0ELb0ELb1EEEvPKaS8_PKS4_PT9_PfPKfSF_PKSB_jjjljlljlljlljlf
67	3648	_ZN4sage4sm8025qk_int_sv_f16_attn_kernelILj128ELj64ELj32ELj64ELj128EL8DataType1EL16QuantGranularity2ELS3_2E6__halfLb0ES4_L11ComputeUnit0EL8MaskMode0ELb1ELb0EEEvPKaS8_PKS4_PT9_PfPKfSF_PKSB_jjjljlljlljlljlf
68	3728	_ZN4sage4sm8025qk_int_sv_f16_attn_kernelILj128ELj64ELj32ELj64ELj128EL8DataType1EL16QuantGranularity2ELS3_2E6__halfLb0ES4_L11ComputeUnit0EL8MaskMode0ELb1ELb1EEEvPKaS8_PKS4_PT9_PfPKfSF_PKSB_jjjljlljlljlljlf
67	3848	_ZN4sage4sm8025qk_int_sv_f16_attn_kernelILj128ELj64ELj32ELj64ELj128EL8DataType1EL16QuantGranularity2ELS3_2E6__halfLb0ES4_L11ComputeUnit0EL8MaskMode1ELb0ELb0EEEvPKaS8_PKS4_PT9_PfPKfSF_PKSB_jjjljlljlljlljlf
68	3936	_ZN4sage4sm8025qk_int_sv_f16_attn_kernelILj128ELj64ELj32ELj64ELj128EL8DataType1EL16QuantGranularity2ELS3_2E6__halfLb0ES4_L11ComputeUnit0EL8MaskMode1ELb0ELb1EEEvPKaS8_PKS4_PT9_PfPKfSF_PKSB_jjjljlljlljlljlf
67	3896	_ZN4sage4sm8025qk_int_sv_f16_attn_kernelILj128ELj64ELj32ELj64ELj128EL8DataType1EL16QuantGranularity2ELS3_2E6__halfLb0ES4_L11ComputeUnit0EL8MaskMode1ELb1ELb0EEEvPKaS8_PKS4_PT9_PfPKfSF_PKSB_jjjljlljlljlljlf
67	3992	_ZN4sage4sm8025qk_int_sv_f16_attn_kernelILj128ELj64ELj32ELj64ELj128EL8DataType1EL16QuantGranularity2ELS3_2E6__halfLb0ES4_L11ComputeUnit0EL8MaskMode1ELb1ELb1EEEvPKaS8_PKS4_PT9_PfPKfSF_PKSB_jjjljlljlljlljlf
86	3760	_ZN4sage4sm8025qk_int_sv_f16_attn_kernelILj128ELj64ELj32ELj64ELj128EL8DataType1EL16QuantGranularity2ELS3_2EfLb0E13__nv_bfloat16L11ComputeUnit0EL8MaskMode0ELb0ELb0EEEvPKaS8_PK6__halfPT9_PfPKfSG_PKSC_jjjljlljlljlljlf
90	3816	_ZN4sage4sm8025qk_int_sv_f16_attn_kernelILj128ELj64ELj32ELj64ELj128EL8DataType1EL16QuantGranularity2ELS3_2EfLb0E13__nv_bfloat16L11ComputeUnit0EL8MaskMode0ELb1ELb0EEEvPKaS8_PK6__halfPT9_PfPKfSG_PKSC_jjjljlljlljlljlf
77	4008	_ZN4sage4sm8025qk_int_sv_f16_attn_kernelILj128ELj64ELj32ELj64ELj128EL8DataType1EL16QuantGranularity2ELS3_2EfLb0E13__nv_bfloat16L11ComputeUnit0EL8MaskMode1ELb0ELb0EEEvPKaS8_PK6__halfPT9_PfPKfSG_PKSC_jjjljlljlljlljlf
81	4064	_ZN4sage4sm8025qk_int_sv_f16_attn_kernelILj128ELj64ELj32ELj64ELj128EL8DataType1EL16QuantGranularity2ELS3_2EfLb0E13__nv_bfloat16L11ComputeUnit0EL8MaskMode1ELb1ELb0EEEvPKaS8_PK6__halfPT9_PfPKfSG_PKSC_jjjljlljlljlljlf
86	3760	_ZN4sage4sm8025qk_int_sv_f16_attn_kernelILj128ELj64ELj32ELj64ELj128EL8DataType1EL16QuantGranularity2ELS3_2EfLb0E6__halfL11ComputeUnit0EL8MaskMode0ELb0ELb0EEEvPKaS8_PKS4_PT9_PfPKfSF_PKSB_jjjljlljlljlljlf
90	3816	_ZN4sage4sm8025qk_int_sv_f16_attn_kernelILj128ELj64ELj32ELj64ELj128EL8DataType1EL16QuantGranularity2ELS3_2EfLb0E6__halfL11ComputeUnit0EL8MaskMode0ELb1ELb0EEEvPKaS8_PKS4_PT9_PfPKfSF_PKSB_jjjljlljlljlljlf
77	4008	_ZN4sage4sm8025qk_int_sv_f16_attn_kernelILj128ELj64ELj32ELj64ELj128EL8DataType1EL16QuantGranularity2ELS3_2EfLb0E6__halfL11ComputeUnit0EL8MaskMode1ELb0ELb0EEEvPKaS8_PKS4_PT9_PfPKfSF_PKSB_jjjljlljlljlljlf
81	4064	_ZN4sage4sm8025qk_int_sv_f16_attn_kernelILj128ELj64ELj32ELj64ELj128EL8DataType1EL16QuantGranularity2ELS3_2EfLb0E6__halfL11ComputeUnit0EL8MaskMode1ELb1ELb0EEEvPKaS8_PKS4_PT9_PfPKfSF_PKSB_jjjljlljlljlljlf
68	3768	_ZN4sage4sm8025qk_int_sv_f16_attn_kernelILj128ELj64ELj32ELj64ELj128EL8DataType1EL16QuantGranularity3ELS3_3E6__halfLb0E13__nv_bfloat16L11ComputeUnit0EL8MaskMode0ELb0ELb0EEEvPKaS9_PKS4_PT9_PfPKfSG_PKSC_jjjljlljlljlljlf
68	3848	_ZN4sage4sm8025qk_int_sv_f16_attn_kernelILj128ELj64ELj32ELj64ELj128EL8DataType1EL16QuantGranularity3ELS3_3E6__halfLb0E13__nv_bfloat16L11ComputeUnit0EL8MaskMode0ELb0ELb1EEEvPKaS9_PKS4_PT9_PfPKfSG_PKSC_jjjljlljlljlljlf
68	3824	_ZN4sage4sm8025qk_int_sv_f16_attn_kernelILj128ELj64ELj32ELj64ELj128EL8DataType1EL16QuantGranularity3ELS3_3E6__halfLb0E13__nv_bfloat16L11ComputeUnit0EL8MaskMode0ELb1ELb0EEEvPKaS9_PKS4_PT9_PfPKfSG_PKSC_jjjljlljlljlljlf
68	3920	_ZN4sage4sm8025qk_int_sv_f16_attn_kernelILj128ELj64ELj32ELj64ELj128EL8DataType1EL16QuantGranularity3ELS3_3E6__halfLb0E13__nv_bfloat16L11ComputeUnit0EL8MaskMode0ELb1ELb1EEEvPKaS9_PKS4_PT9_PfPKfSG_PKSC_jjjljlljlljlljlf
68	4040	_ZN4sage4sm8025qk_int_sv_f16_attn_kernelILj128ELj64ELj32ELj64ELj128EL8DataType1EL16QuantGranularity3ELS3_3E6__halfLb0E13__nv_bfloat16L11ComputeUnit0EL8MaskMode1ELb0ELb0EEEvPKaS9_PKS4_PT9_PfPKfSG_PKSC_jjjljlljlljlljlf
68	4128	_ZN4sage4sm8025qk_int_sv_f16_attn_kernelILj128ELj64ELj32ELj64ELj128EL8DataType1EL16QuantGranularity3ELS3_3E6__halfLb0E13__nv_bfloat16L11ComputeUnit0EL8MaskMode1ELb0ELb1EEEvPKaS9_PKS4_PT9_PfPKfSG_PKSC_jjjljlljlljlljlf
67	4096	_ZN4sage4sm8025qk_int_sv_f16_attn_kernelILj128ELj64ELj32ELj64ELj128EL8DataType1EL16QuantGranularity3ELS3_3E6__halfLb0E13__nv_bfloat16L11ComputeUnit0EL8MaskMode1ELb1ELb0EEEvPKaS9_PKS4_PT9_PfPKfSG_PKSC_jjjljlljlljlljlf
67	4168	_ZN4sage4sm8025qk_int_sv_f16_attn_kernelILj128ELj64ELj32ELj64ELj128EL8DataType1EL16QuantGranularity3ELS3_3E6__halfLb0E13__nv_bfloat16L11ComputeUnit0EL8MaskMode1ELb1ELb1EEEvPKaS9_PKS4_PT9_PfPKfSG_PKSC_jjjljlljlljlljlf
68	3568	_ZN4sage4sm8025qk_int_sv_f16_attn_kernelILj128ELj64ELj32ELj64ELj128EL8DataType1EL16QuantGranularity3ELS3_3E6__halfLb0ES4_L11ComputeUnit0EL8MaskMode0ELb0ELb0EEEvPKaS8_PKS4_PT9_PfPKfSF_PKSB_jjjljlljlljlljlf
68	3656	_ZN4sage4sm8025qk_int_sv_f16_attn_kernelILj128ELj64ELj32ELj64ELj128EL8DataType1EL16QuantGranularity3ELS3_3E6__halfLb0ES4_L11ComputeUnit0EL8MaskMode0ELb0ELb1EEEvPKaS8_PKS4_PT9_PfPKfSF_PKSB_jjjljlljlljlljlf
68	3640	_ZN4sage4sm8025qk_int_sv_f16_attn_kernelILj128ELj64ELj32ELj64ELj128EL8DataType1EL16QuantGranularity3ELS3_3E6__halfLb0ES4_L11ComputeUnit0EL8MaskMode0ELb1ELb0EEEvPKaS8_PKS4_PT9_PfPKfSF_PKSB_jjjljlljlljlljlf
68	3736	_ZN4sage4sm8025qk_int_sv_f16_attn_kernelILj128ELj64ELj32ELj64ELj128EL8DataType1EL16QuantGranularity3ELS3_3E6__halfLb0ES4_L11ComputeUnit0EL8MaskMode0ELb1ELb1EEEvPKaS8_PKS4_PT9_PfPKfSF_PKSB_jjjljlljlljlljlf
68	3848	_ZN4sage4sm8025qk_int_sv_f16_attn_kernelILj128ELj64ELj32ELj64ELj128EL8DataType1EL16QuantGranularity3ELS3_3E6__halfLb0ES4_L11ComputeUnit0EL8MaskMode1ELb0ELb0EEEvPKaS8_PKS4_PT9_PfPKfSF_PKSB_jjjljlljlljlljlf
68	3936	_ZN4sage4sm8025qk_int_sv_f16_attn_kernelILj128ELj64ELj32ELj64ELj128EL8DataType1EL16QuantGranularity3ELS3_3E6__halfLb0ES4_L11ComputeUnit0EL8MaskMode1ELb0ELb1EEEvPKaS8_PKS4_PT9_PfPKfSF_PKSB_jjjljlljlljlljlf
67	3904	_ZN4sage4sm8025qk_int_sv_f16_attn_kernelILj128ELj64ELj32ELj64ELj128EL8DataType1EL16QuantGranularity3ELS3_3E6__halfLb0ES4_L11ComputeUnit0EL8MaskMode1ELb1ELb0EEEvPKaS8_PKS4_PT9_PfPKfSF_PKSB_jjjljlljlljlljlf
67	3984	_ZN4sage4sm8025qk_int_sv_f16_attn_kernelILj128ELj64ELj32ELj64ELj128EL8DataType1EL16QuantGranularity3ELS3_3E6__halfLb0ES4_L11ComputeUnit0EL8MaskMode1ELb1ELb1EEEvPKaS8_PKS4_PT9_PfPKfSF_PKSB_jjjljlljlljlljlf
88	3752	_ZN4sage4sm8025qk_int_sv_f16_attn_kernelILj128ELj64ELj32ELj64ELj128EL8DataType1EL16QuantGranularity3ELS3_3EfLb0E13__nv_bfloat16L11ComputeUnit0EL8MaskMode0ELb0ELb0EEEvPKaS8_PK6__halfPT9_PfPKfSG_PKSC_jjjljlljlljlljlf
92	3832	_ZN4sage4sm8025qk_int_sv_f16_attn_kernelILj128ELj64ELj32ELj64ELj128EL8DataType1EL16QuantGranularity3ELS3_3EfLb0E13__nv_bfloat16L11ComputeUnit0EL8MaskMode0ELb1ELb0EEEvPKaS8_PK6__halfPT9_PfPKfSG_PKSC_jjjljlljlljlljlf
79	4024	_ZN4sage4sm8025qk_int_sv_f16_attn_kernelILj128ELj64ELj32ELj64ELj128EL8DataType1EL16QuantGranularity3ELS3_3EfLb0E13__nv_bfloat16L11ComputeUnit0EL8MaskMode1ELb0ELb0EEEvPKaS8_PK6__halfPT9_PfPKfSG_PKSC_jjjljlljlljlljlf
83	4072	_ZN4sage4sm8025qk_int_sv_f16_attn_kernelILj128ELj64ELj32ELj64ELj128EL8DataType1EL16QuantGranularity3ELS3_3EfLb0E13__nv_bfloat16L11ComputeUnit0EL8MaskMode1ELb1ELb0EEEvPKaS8_PK6__halfPT9_PfPKfSG_PKSC_jjjljlljlljlljlf
88	3752	_ZN4sage4sm8025qk_int_sv_f16_attn_kernelILj128ELj64ELj32ELj64ELj128EL8DataType1EL16QuantGranularity3ELS3_3EfLb0E6__halfL11ComputeUnit0EL8MaskMode0ELb0ELb0EEEvPKaS8_PKS4_PT9_PfPKfSF_PKSB_jjjljlljlljlljlf
92	3832	_ZN4sage4sm8025qk_int_sv_f16_attn_kernelILj128ELj64ELj32ELj64ELj128EL8DataType1EL16QuantGranularity3ELS3_3EfLb0E6__halfL11ComputeUnit0EL8MaskMode0ELb1ELb0EEEvPKaS8_PKS4_PT9_PfPKfSF_PKSB_jjjljlljlljlljlf
79	4024	_ZN4sage4sm8025qk_int_sv_f16_attn_kernelILj128ELj64ELj32ELj64ELj128EL8DataType1EL16QuantGranularity3ELS3_3EfLb0E6__halfL11ComputeUnit0EL8MaskMode1ELb0ELb0EEEvPKaS8_PKS4_PT9_PfPKfSF_PKSB_jjjljlljlljlljlf
83	4072	_ZN4sage4sm8025qk_int_sv_f16_attn_kernelILj128ELj64ELj32ELj64ELj128EL8DataType1EL16QuantGranularity3ELS3_3EfLb0E6__halfL11ComputeUnit0EL8MaskMode1ELb1ELb0EEEvPKaS8_PKS4_PT9_PfPKfSF_PKSB_jjjljlljlljlljlf
35	2720	_ZN4sage4sm8025qk_int_sv_f16_attn_kernelILj128ELj64ELj32ELj64ELj64EL8DataType1EL16QuantGranularity2ELS3_2E6__halfLb0E13__nv_bfloat16L11ComputeUnit0EL8MaskMode0ELb0ELb0EEEvPKaS9_PKS4_PT9_PfPKfSG_PKSC_jjjljlljlljlljlf
37	2752	_ZN4sage4sm8025qk_int_sv_f16_attn_kernelILj128ELj64ELj32ELj64ELj64EL8DataType1EL16QuantGranularity2ELS3_2E6__halfLb0E13__nv_bfloat16L11ComputeUnit0EL8MaskMode0ELb0ELb1EEEvPKaS9_PKS4_PT9_PfPKfSG_PKSC_jjjljlljlljlljlf
35	2784	_ZN4sage4sm8025qk_int_sv_f16_attn_kernelILj128ELj64ELj32ELj64ELj64EL8DataType1EL16QuantGranularity2ELS3_2E6__halfLb0E13__nv_bfloat16L11ComputeUnit0EL8MaskMode0ELb1ELb0EEEvPKaS9_PKS4_PT9_PfPKfSG_PKSC_jjjljlljlljlljlf
36	2816	_ZN4sage4sm8025qk_int_sv_f16_attn_kernelILj128ELj64ELj32ELj64ELj64EL8DataType1EL16QuantGranularity2ELS3_2E6__halfLb0E13__nv_bfloat16L11ComputeUnit0EL8MaskMode0ELb1ELb1EEEvPKaS9_PKS4_PT9_PfPKfSG_PKSC_jjjljlljlljlljlf
36	2944	_ZN4sage4sm8025qk_int_sv_f16_attn_kernelILj128ELj64ELj32ELj64ELj64EL8DataType1EL16QuantGranularity2ELS3_2E6__halfLb0E13__nv_bfloat16L11ComputeUnit0EL8MaskMode1ELb0ELb0EEEvPKaS9_PKS4_PT9_PfPKfSG_PKSC_jjjljlljlljlljlf
36	2968	_ZN4sage4sm8025qk_int_sv_f16_attn_kernelILj128ELj64ELj32ELj64ELj64EL8DataType1EL16QuantGranularity2ELS3_2E6__halfLb0E13__nv_bfloat16L11ComputeUnit0EL8MaskMode1ELb0ELb1EEEvPKaS9_PKS4_PT9_PfPKfSG_PKSC_jjjljlljlljlljlf
35	3016	_ZN4sage4sm8025qk_int_sv_f16_attn_kernelILj128ELj64ELj32ELj64ELj64EL8DataType1EL16QuantGranularity2ELS3_2E6__halfLb0E13__nv_bfloat16L11ComputeUnit0EL8MaskMode1ELb1ELb0EEEvPKaS9_PKS4_PT9_PfPKfSG_PKSC_jjjljlljlljlljlf
35	3064	_ZN4sage4sm8025qk_int_sv_f16_attn_kernelILj128ELj64ELj32ELj64ELj64EL8DataType1EL16QuantGranularity2ELS3_2E6__halfLb0E13__nv_bfloat16L11ComputeUnit0EL8MaskMode1ELb1ELb1EEEvPKaS9_PKS4_PT9_PfPKfSG_PKSC_jjjljlljlljlljlf
35	2624	_ZN4sage4sm8025qk_int_sv_f16_attn_kernelILj128ELj64ELj32ELj64ELj64EL8DataType1EL16QuantGranularity2ELS3_2E6__halfLb0ES4_L11ComputeUnit0EL8MaskMode0ELb0ELb0EEEvPKaS8_PKS4_PT9_PfPKfSF_PKSB_jjjljlljlljlljlf
37	2656	_ZN4sage4sm8025qk_int_sv_f16_attn_kernelILj128ELj64ELj32ELj64ELj64EL8DataType1EL16QuantGranularity2ELS3_2E6__halfLb0ES4_L11ComputeUnit0EL8MaskMode0ELb0ELb1EEEvPKaS8_PKS4_PT9_PfPKfSF_PKSB_jjjljlljlljlljlf
35	2688	_ZN4sage4sm8025qk_int_sv_f16_attn_kernelILj128ELj64ELj32ELj64ELj64EL8DataType1EL16QuantGranularity2ELS3_2E6__halfLb0ES4_L11ComputeUnit0EL8MaskMode0ELb1ELb0EEEvPKaS8_PKS4_PT9_PfPKfSF_PKSB_jjjljlljlljlljlf
36	2720	_ZN4sage4sm8025qk_int_sv_f16_attn_kernelILj128ELj64ELj32ELj64ELj64EL8DataType1EL16QuantGranularity2ELS3_2E6__halfLb0ES4_L11ComputeUnit0EL8MaskMode0ELb1ELb1EEEvPKaS8_PKS4_PT9_PfPKfSF_PKSB_jjjljlljlljlljlf
36	2848	_ZN4sage4sm8025qk_int_sv_f16_attn_kernelILj128ELj64ELj32ELj64ELj64EL8DataType1EL16QuantGranularity2ELS3_2E6__halfLb0ES4_L11ComputeUnit0EL8MaskMode1ELb0ELb0EEEvPKaS8_PKS4_PT9_PfPKfSF_PKSB_jjjljlljlljlljlf
36	2872	_ZN4sage4sm8025qk_int_sv_f16_attn_kernelILj128ELj64ELj32ELj64ELj64EL8DataType1EL16QuantGranularity2ELS3_2E6__halfLb0ES4_L11ComputeUnit0EL8MaskMode1ELb0ELb1EEEvPKaS8_PKS4_PT9_PfPKfSF_PKSB_jjjljlljlljlljlf
35	2920	_ZN4sage4sm8025qk_int_sv_f16_attn_kernelILj128ELj64ELj32ELj64ELj64EL8DataType1EL16QuantGranularity2ELS3_2E6__halfLb0ES4_L11ComputeUnit0EL8MaskMode1ELb1ELb0EEEvPKaS8_PKS4_PT9_PfPKfSF_PKSB_jjjljlljlljlljlf
35	2976	_ZN4sage4sm8025qk_int_sv_f16_attn_kernelILj128ELj64ELj32ELj64ELj64EL8DataType1EL16QuantGranularity2ELS3_2E6__halfLb0ES4_L11ComputeUnit0EL8MaskMode1ELb1ELb1EEEvPKaS8_PKS4_PT9_PfPKfSF_PKSB_jjjljlljlljlljlf
40	2608	_ZN4sage4sm8025qk_int_sv_f16_attn_kernelILj128ELj64ELj32ELj64ELj64EL8DataType1EL16QuantGranularity2ELS3_2EfLb0E13__nv_bfloat16L11ComputeUnit0EL8MaskMode0ELb0ELb0EEEvPKaS8_PK6__halfPT9_PfPKfSG_PKSC_jjjljlljlljlljlf
37	2648	_ZN4sage4sm8025qk_int_sv_f16_attn_kernelILj128ELj64ELj32ELj64ELj64EL8DataType1EL16QuantGranularity2ELS3_2EfLb0E13__nv_bfloat16L11ComputeUnit0EL8MaskMode0ELb1ELb0EEEvPKaS8_PK6__halfPT9_PfPKfSG_PKSC_jjjljlljlljlljlf
36	2840	_ZN4sage4sm8025qk_int_sv_f16_attn_kernelILj128ELj64ELj32ELj64ELj64EL8DataType1EL16QuantGranularity2ELS3_2EfLb0E13__nv_bfloat16L11ComputeUnit0EL8MaskMode1ELb0ELb0EEEvPKaS8_PK6__halfPT9_PfPKfSG_PKSC_jjjljlljlljlljlf
36	2880	_ZN4sage4sm8025qk_int_sv_f16_attn_kernelILj128ELj64ELj32ELj64ELj64EL8DataType1EL16QuantGranularity2ELS3_2EfLb0E13__nv_bfloat16L11ComputeUnit0EL8MaskMode1ELb1ELb0EEEvPKaS8_PK6__halfPT9_PfPKfSG_PKSC_jjjljlljlljlljlf
40	2608	_ZN4sage4sm8025qk_int_sv_f16_attn_kernelILj128ELj64ELj32ELj64ELj64EL8DataType1EL16QuantGranularity2ELS3_2EfLb0E6__halfL11ComputeUnit0EL8MaskMode0ELb0ELb0EEEvPKaS8_PKS4_PT9_PfPKfSF_PKSB_jjjljlljlljlljlf
37	2648	_ZN4sage4sm8025qk_int_sv_f16_attn_kernelILj128ELj64ELj32ELj64ELj64EL8DataType1EL16QuantGranularity2ELS3_2EfLb0E6__halfL11ComputeUnit0EL8MaskMode0ELb1ELb0EEEvPKaS8_PKS4_PT9_PfPKfSF_PKSB_jjjljlljlljlljlf
36	2840	_ZN4sage4sm8025qk_int_sv_f16_attn_kernelILj128ELj64ELj32ELj64ELj64EL8DataType1EL16QuantGranularity2ELS3_2EfLb0E6__halfL11ComputeUnit0EL8MaskMode1ELb0ELb0EEEvPKaS8_PKS4_PT9_PfPKfSF_PKSB_jjjljlljlljlljlf
36	2880	_ZN4sage4sm8025qk_int_sv_f16_attn_kernelILj128ELj64ELj32ELj64ELj64EL8DataType1EL16QuantGranularity2ELS3_2EfLb0E6__halfL11ComputeUnit0EL8MaskMode1ELb1ELb0EEEvPKaS8_PKS4_PT9_PfPKfSF_PKSB_jjjljlljlljlljlf
35	2800	_ZN4sage4sm8025qk_int_sv_f16_attn_kernelILj128ELj64ELj32ELj64ELj64EL8DataType1EL16QuantGranularity2ELS3_2EfLb1E13__nv_bfloat16L11ComputeUnit0EL8MaskMode0ELb0ELb0EEEvPKaS8_PK6__halfPT9_PfPKfSG_PKSC_jjjljlljlljlljlf
34	2856	_ZN4sage4sm8025qk_int_sv_f16_attn_kernelILj128ELj64ELj32ELj64ELj64EL8DataType1EL16QuantGranularity2ELS3_2EfLb1E13__nv_bfloat16L11ComputeUnit0EL8MaskMode0ELb1ELb0EEEvPKaS8_PK6__halfPT9_PfPKfSG_PKSC_jjjljlljlljlljlf
30	3056	_ZN4sage4sm8025qk_int_sv_f16_attn_kernelILj128ELj64ELj32ELj64ELj64EL8DataType1EL16QuantGranularity2ELS3_2EfLb1E13__nv_bfloat16L11ComputeUnit0EL8MaskMode1ELb0ELb0EEEvPKaS8_PK6__halfPT9_PfPKfSG_PKSC_jjjljlljlljlljlf
32	3104	_ZN4sage4sm8025qk_int_sv_f16_attn_kernelILj128ELj64ELj32ELj64ELj64EL8DataType1EL16QuantGranularity2ELS3_2EfLb1E13__nv_bfloat16L11ComputeUnit0EL8MaskMode1ELb1ELb0EEEvPKaS8_PK6__halfPT9_PfPKfSG_PKSC_jjjljlljlljlljlf
35	2800	_ZN4sage4sm8025qk_int_sv_f16_attn_kernelILj128ELj64ELj32ELj64ELj64EL8DataType1EL16QuantGranularity2ELS3_2EfLb1E6__halfL11ComputeUnit0EL8MaskMode0ELb0ELb0EEEvPKaS8_PKS4_PT9_PfPKfSF_PKSB_jjjljlljlljlljlf
34	2856	_ZN4sage4sm8025qk_int_sv_f16_attn_kernelILj128ELj64ELj32ELj64ELj64EL8DataType1EL16QuantGranularity2ELS3_2EfLb1E6__halfL11ComputeUnit0EL8MaskMode0ELb1ELb0EEEvPKaS8_PKS4_PT9_PfPKfSF_PKSB_jjjljlljlljlljlf
30	3056	_ZN4sage4sm8025qk_int_sv_f16_attn_kernelILj128ELj64ELj32ELj64ELj64EL8DataType1EL16QuantGranularity2ELS3_2EfLb1E6__halfL11ComputeUnit0EL8MaskMode1ELb0ELb0EEEvPKaS8_PKS4_PT9_PfPKfSF_PKSB_jjjljlljlljlljlf
32	3104	_ZN4sage4sm8025qk_int_sv_f16_attn_kernelILj128ELj64ELj32ELj64ELj64EL8DataType1EL16QuantGranularity2ELS3_2EfLb1E6__halfL11ComputeUnit0EL8MaskMode1ELb1ELb0EEEvPKaS8_PKS4_PT9_PfPKfSF_PKSB_jjjljlljlljlljlf
37	2704	_ZN4sage4sm8025qk_int_sv_f16_attn_kernelILj128ELj64ELj32ELj64ELj64EL8DataType1EL16QuantGranularity3ELS3_3E6__halfLb0E13__nv_bfloat16L11ComputeUnit0EL8MaskMode0ELb0ELb0EEEvPKaS9_PKS4_PT9_PfPKfSG_PKSC_jjjljlljlljlljlf
37	2752	_ZN4sage4sm8025qk_int_sv_f16_attn_kernelILj128ELj64ELj32ELj64ELj64EL8DataType1EL16QuantGranularity3ELS3_3E6__halfLb0E13__nv_bfloat16L11ComputeUnit0EL8MaskMode0ELb0ELb1EEEvPKaS9_PKS4_PT9_PfPKfSG_PKSC_jjjljlljlljlljlf
35	2800	_ZN4sage4sm8025qk_int_sv_f16_attn_kernelILj128ELj64ELj32ELj64ELj64EL8DataType1EL16QuantGranularity3ELS3_3E6__halfLb0E13__nv_bfloat16L11ComputeUnit0EL8MaskMode0ELb1ELb0EEEvPKaS9_PKS4_PT9_PfPKfSG_PKSC_jjjljlljlljlljlf
36	2840	_ZN4sage4sm8025qk_int_sv_f16_attn_kernelILj128ELj64ELj32ELj64ELj64EL8DataType1EL16QuantGranularity3ELS3_3E6__halfLb0E13__nv_bfloat16L11ComputeUnit0EL8MaskMode0ELb1ELb1EEEvPKaS9_PKS4_PT9_PfPKfSG_PKSC_jjjljlljlljlljlf
36	2936	_ZN4sage4sm8025qk_int_sv_f16_attn_kernelILj128ELj64ELj32ELj64ELj64EL8DataType1EL16QuantGranularity3ELS3_3E6__halfLb0E13__nv_bfloat16L11ComputeUnit0EL8MaskMode1ELb0ELb0EEEvPKaS9_PKS4_PT9_PfPKfSG_PKSC_jjjljlljlljlljlf
36	2992	_ZN4sage4sm8025qk_int_sv_f16_attn_kernelILj128ELj64ELj32ELj64ELj64EL8DataType1EL16QuantGranularity3ELS3_3E6__halfLb0E13__nv_bfloat16L11ComputeUnit0EL8MaskMode1ELb0ELb1EEEvPKaS9_PKS4_PT9_PfPKfSG_PKSC_jjjljlljlljlljlf
35	3024	_ZN4sage4sm8025qk_int_sv_f16_attn_kernelILj128ELj64ELj32ELj64ELj64EL8DataType1EL16QuantGranularity3ELS3_3E6__halfLb0E13__nv_bfloat16L11ComputeUnit0EL8MaskMode1ELb1ELb0EEEvPKaS9_PKS4_PT9_PfPKfSG_PKSC_jjjljlljlljlljlf
35	3064	_ZN4sage4sm8025qk_int_sv_f16_attn_kernelILj128ELj64ELj32ELj64ELj64EL8DataType1EL16QuantGranularity3ELS3_3E6__halfLb0E13__nv_bfloat16L11ComputeUnit0EL8MaskMode1ELb1ELb1EEEvPKaS9_PKS4_PT9_PfPKfSG_PKSC_jjjljlljlljlljlf
37	2608	_ZN4sage4sm8025qk_int_sv_f16_attn_kernelILj128ELj64ELj32ELj64ELj64EL8DataType1EL16QuantGranularity3ELS3_3E6__halfLb0ES4_L11ComputeUnit0EL8MaskMode0ELb0ELb0EEEvPKaS8_PKS4_PT9_PfPKfSF_PKSB_jjjljlljlljlljlf
37	2656	_ZN4sage4sm8025qk_int_sv_f16_attn_kernelILj128ELj64ELj32ELj64ELj64EL8DataType1EL16QuantGranularity3ELS3_3E6__halfLb0ES4_L11ComputeUnit0EL8MaskMode0ELb0ELb1EEEvPKaS8_PKS4_PT9_PfPKfSF_PKSB_jjjljlljlljlljlf
35	2704	_ZN4sage4sm8025qk_int_sv_f16_attn_kernelILj128ELj64ELj32ELj64ELj64EL8DataType1EL16QuantGranularity3ELS3_3E6__halfLb0ES4_L11ComputeUnit0EL8MaskMode0ELb1ELb0EEEvPKaS8_PKS4_PT9_PfPKfSF_PKSB_jjjljlljlljlljlf
36	2744	_ZN4sage4sm8025qk_int_sv_f16_attn_kernelILj128ELj64ELj32ELj64ELj64EL8DataType1EL16QuantGranularity3ELS3_3E6__halfLb0ES4_L11ComputeUnit0EL8MaskMode0ELb1ELb1EEEvPKaS8_PKS4_PT9_PfPKfSF_PKSB_jjjljlljlljlljlf
36	2848	_ZN4sage4sm8025qk_int_sv_f16_attn_kernelILj128ELj64ELj32ELj64ELj64EL8DataType1EL16QuantGranularity3ELS3_3E6__halfLb0ES4_L11ComputeUnit0EL8MaskMode1ELb0ELb0EEEvPKaS8_PKS4_PT9_PfPKfSF_PKSB_jjjljlljlljlljlf
36	2896	_ZN4sage4sm8025qk_int_sv_f16_attn_kernelILj128ELj64ELj32ELj64ELj64EL8DataType1EL16QuantGranularity3ELS3_3E6__halfLb0ES4_L11ComputeUnit0EL8MaskMode1ELb0ELb1EEEvPKaS8_PKS4_PT9_PfPKfSF_PKSB_jjjljlljlljlljlf
35	2928	_ZN4sage4sm8025qk_int_sv_f16_attn_kernelILj128ELj64ELj32ELj64ELj64EL8DataType1EL16QuantGranularity3ELS3_3E6__halfLb0ES4_L11ComputeUnit0EL8MaskMode1ELb1ELb0EEEvPKaS8_PKS4_PT9_PfPKfSF_PKSB_jjjljlljlljlljlf
35	2976	_ZN4sage4sm8025qk_int_sv_f16_attn_kernelILj128ELj64ELj32ELj64ELj64EL8DataType1EL16QuantGranularity3ELS3_3E6__halfLb0ES4_L11ComputeUnit0EL8MaskMode1ELb1ELb1EEEvPKaS8_PKS4_PT9_PfPKfSF_PKSB_jjjljlljlljlljlf
37	2608	_ZN4sage4sm8025qk_int_sv_f16_attn_kernelILj128ELj64ELj32ELj64ELj64EL8DataType1EL16QuantGranularity3ELS3_3EfLb0E13__nv_bfloat16L11ComputeUnit0EL8MaskMode0ELb0ELb0EEEvPKaS8_PK6__halfPT9_PfPKfSG_PKSC_jjjljlljlljlljlf
37	2672	_ZN4sage4sm8025qk_int_sv_f16_attn_kernelILj128ELj64ELj32ELj64ELj64EL8DataType1EL16QuantGranularity3ELS3_3EfLb0E13__nv_bfloat16L11ComputeUnit0EL8MaskMode0ELb1ELb0EEEvPKaS8_PK6__halfPT9_PfPKfSG_PKSC_jjjljlljlljlljlf
36	2848	_ZN4sage4sm8025qk_int_sv_f16_attn_kernelILj128ELj64ELj32ELj64ELj64EL8DataType1EL16QuantGranularity3ELS3_3EfLb0E13__nv_bfloat16L11ComputeUnit0EL8MaskMode1ELb0ELb0EEEvPKaS8_PK6__halfPT9_PfPKfSG_PKSC_jjjljlljlljlljlf
36	2912	_ZN4sage4sm8025qk_int_sv_f16_attn_kernelILj128ELj64ELj32ELj64ELj64EL8DataType1EL16QuantGranularity3ELS3_3EfLb0E13__nv_bfloat16L11ComputeUnit0EL8MaskMode1ELb1ELb0EEEvPKaS8_PK6__halfPT9_PfPKfSG_PKSC_jjjljlljlljlljlf
37	2608	_ZN4sage4sm8025qk_int_sv_f16_attn_kernelILj128ELj64ELj32ELj64ELj64EL8DataType1EL16QuantGranularity3ELS3_3EfLb0E6__halfL11ComputeUnit0EL8MaskMode0ELb0ELb0EEEvPKaS8_PKS4_PT9_PfPKfSF_PKSB_jjjljlljlljlljlf
37	2672	_ZN4sage4sm8025qk_int_sv_f16_attn_kernelILj128ELj64ELj32ELj64ELj64EL8DataType1EL16QuantGranularity3ELS3_3EfLb0E6__halfL11ComputeUnit0EL8MaskMode0ELb1ELb0EEEvPKaS8_PKS4_PT9_PfPKfSF_PKSB_jjjljlljlljlljlf
36	2848	_ZN4sage4sm8025qk_int_sv_f16_attn_kernelILj128ELj64ELj32ELj64ELj64EL8DataType1EL16QuantGranularity3ELS3_3EfLb0E6__halfL11ComputeUnit0EL8MaskMode1ELb0ELb0EEEvPKaS8_PKS4_PT9_PfPKfSF_PKSB_jjjljlljlljlljlf
36	2912	_ZN4sage4sm8025qk_int_sv_f16_attn_kernelILj128ELj64ELj32ELj64ELj64EL8DataType1EL16QuantGranularity3ELS3_3EfLb0E6__halfL11ComputeUnit0EL8MaskMode1ELb1ELb0EEEvPKaS8_PKS4_PT9_PfPKfSF_PKSB_jjjljlljlljlljlf
34	2808	_ZN4sage4sm8025qk_int_sv_f16_attn_kernelILj128ELj64ELj32ELj64ELj64EL8DataType1EL16QuantGranularity3ELS3_3EfLb1E13__nv_bfloat16L11ComputeUnit0EL8MaskMode0ELb0ELb0EEEvPKaS8_PK6__halfPT9_PfPKfSG_PKSC_jjjljlljlljlljlf
34	2872	_ZN4sage4sm8025qk_int_sv_f16_attn_kernelILj128ELj64ELj32ELj64ELj64EL8DataType1EL16QuantGranularity3ELS3_3EfLb1E13__nv_bfloat16L11ComputeUnit0EL8MaskMode0ELb1ELb0EEEvPKaS8_PK6__halfPT9_PfPKfSG_PKSC_jjjljlljlljlljlf
30	3072	_ZN4sage4sm8025qk_int_sv_f16_attn_kernelILj128ELj64ELj32ELj64ELj64EL8DataType1EL16QuantGranularity3ELS3_3EfLb1E13__nv_bfloat16L11ComputeUnit0EL8MaskMode1ELb0ELb0EEEvPKaS8_PK6__halfPT9_PfPKfSG_PKSC_jjjljlljlljlljlf
32	3120	_ZN4sage4sm8025qk_int_sv_f16_attn_kernelILj128ELj64ELj32ELj64ELj64EL8DataType1EL16QuantGranularity3ELS3_3EfLb1E13__nv_bfloat16L11ComputeUnit0EL8MaskMode1ELb1ELb0EEEvPKaS8_PK6__halfPT9_PfPKfSG_PKSC_jjjljlljlljlljlf
34	2808	_ZN4sage4sm8025qk_int_sv_f16_attn_kernelILj128ELj64ELj32ELj64ELj64EL8DataType1EL16QuantGranularity3ELS3_3EfLb1E6__halfL11ComputeUnit0EL8MaskMode0ELb0ELb0EEEvPKaS8_PKS4_PT9_PfPKfSF_PKSB_jjjljlljlljlljlf
34	2872	_ZN4sage4sm8025qk_int_sv_f16_attn_kernelILj128ELj64ELj32ELj64ELj64EL8DataType1EL16QuantGranularity3ELS3_3EfLb1E6__halfL11ComputeUnit0EL8MaskMode0ELb1ELb0EEEvPKaS8_PKS4_PT9_PfPKfSF_PKSB_jjjljlljlljlljlf
30	3072	_ZN4sage4sm8025qk_int_sv_f16_attn_kernelILj128ELj64ELj32ELj64ELj64EL8DataType1EL16QuantGranularity3ELS3_3EfLb1E6__halfL11ComputeUnit0EL8MaskMode1ELb0ELb0EEEvPKaS8_PKS4_PT9_PfPKfSF_PKSB_jjjljlljlljlljlf
32	3120	_ZN4sage4sm8025qk_int_sv_f16_attn_kernelILj128ELj64ELj32ELj64ELj64EL8DataType1EL16QuantGranularity3ELS3_3EfLb1E6__halfL11ComputeUnit0EL8MaskMode1ELb1ELb0EEEvPKaS8_PKS4_PT9_PfPKfSF_PKSB_jjjljlljlljlljlf
