case,layout,causal,head_dim,gran,pv,smooth_k,smooth_v,cos_sim,rel_l1
pv_sweep,HND,False,64,per_warp,fp32,True,,0.999297,0.037431
pv_sweep,HND,False,64,per_warp,fp32,False,,0.999301,0.037337
pv_sweep,HND,False,64,per_warp,fp32+fp32,True,,0.999297,0.037429
pv_sweep,HND,False,64,per_warp,fp32+fp32,False,,0.999301,0.037332
pv_sweep,HND,False,64,per_warp,fp32+fp16,True,,0.999327,0.036660
pv_sweep,HND,False,64,per_warp,fp32+fp16,False,,0.999328,0.036646
pv_sweep,HND,False,64,per_thread,fp32,True,,0.999315,0.036977
pv_sweep,HND,False,64,per_thread,fp32,False,,0.999313,0.037023
pv_sweep,HND,False,64,per_thread,fp32+fp32,True,,0.999315,0.036971
pv_sweep,HND,False,64,per_thread,fp32+fp32,False,,0.999313,0.037018
pv_sweep,HND,False,64,per_thread,fp32+fp16,True,,0.999345,0.036146
pv_sweep,HND,False,64,per_thread,fp32+fp16,False,,0.999340,0.036268
pv_sweep,HND,False,128,per_warp,fp32,True,,0.999298,0.037396
pv_sweep,HND,False,128,per_warp,fp32,False,,0.999296,0.037476
pv_sweep,HND,False,128,per_warp,fp32+fp32,True,,0.999298,0.037391
pv_sweep,HND,False,128,per_warp,fp32+fp32,False,,0.999296,0.037472
pv_sweep,HND,False,128,per_warp,fp32+fp16,True,,0.999319,0.036787
pv_sweep,HND,False,128,per_warp,fp32+fp16,False,,0.999319,0.036837
pv_sweep,HND,False,128,per_thread,fp32,True,,0.999313,0.036982
pv_sweep,HND,False,128,per_thread,fp32,False,,0.999310,0.037091
pv_sweep,HND,False,128,per_thread,fp32+fp32,True,,0.999314,0.036977
pv_sweep,HND,False,128,per_thread,fp32+fp32,False,,0.999310,0.037087
pv_sweep,HND,False,128,per_thread,fp32+fp16,True,,0.999334,0.036407
pv_sweep,HND,False,128,per_thread,fp32+fp16,False,,0.999333,0.036442
pv_sweep,HND,True,64,per_warp,fp32,True,,0.999427,0.035035
pv_sweep,HND,True,64,per_warp,fp32,False,,0.999428,0.034997
pv_sweep,HND,True,64,per_warp,fp32+fp32,True,,0.999427,0.035035
pv_sweep,HND,True,64,per_warp,fp32+fp32,False,,0.999428,0.034998
pv_sweep,HND,True,64,per_warp,fp32+fp16,True,,0.999436,0.034735
pv_sweep,HND,True,64,per_warp,fp32+fp16,False,,0.999442,0.034651
pv_sweep,HND,True,64,per_thread,fp32,True,,0.999438,0.034702
pv_sweep,HND,True,64,per_thread,fp32,False,,0.999437,0.034674
pv_sweep,HND,True,64,per_thread,fp32+fp32,True,,0.999438,0.034703
pv_sweep,HND,True,64,per_thread,fp32+fp32,False,,0.999437,0.034674
pv_sweep,HND,True,64,per_thread,fp32+fp16,True,,0.999454,0.034288
pv_sweep,HND,True,64,per_thread,fp32+fp16,False,,0.999453,0.034270
pv_sweep,HND,True,128,per_warp,fp32,True,,0.999417,0.035317
pv_sweep,HND,True,128,per_warp,fp32,False,,0.999423,0.035183
pv_sweep,HND,True,128,per_warp,fp32+fp32,True,,0.999417,0.035316
pv_sweep,HND,True,128,per_warp,fp32+fp32,False,,0.999423,0.035181
pv_sweep,HND,True,128,per_warp,fp32+fp16,True,,0.999432,0.035031
pv_sweep,HND,True,128,per_warp,fp32+fp16,False,,0.999436,0.034967
pv_sweep,HND,True,128,per_thread,fp32,True,,0.999432,0.034845
pv_sweep,HND,True,128,per_thread,fp32,False,,0.999434,0.034871
pv_sweep,HND,True,128,per_thread,fp32+fp32,True,,0.999432,0.034843
pv_sweep,HND,True,128,per_thread,fp32+fp32,False,,0.999434,0.034869
pv_sweep,HND,True,128,per_thread,fp32+fp16,True,,0.999448,0.034587
pv_sweep,HND,True,128,per_thread,fp32+fp16,False,,0.999450,0.034562
pv_sweep,NHD,False,64,per_warp,fp32,True,,0.999313,0.037040
pv_sweep,NHD,False,64,per_warp,fp32,False,,0.999309,0.037132
pv_sweep,NHD,False,64,per_warp,fp32+fp32,True,,0.999313,0.037041
pv_sweep,NHD,False,64,per_warp,fp32+fp32,False,,0.999309,0.037133
pv_sweep,NHD,False,64,per_warp,fp32+fp16,True,,0.999318,0.036869
pv_sweep,NHD,False,64,per_warp,fp32+fp16,False,,0.999321,0.036826
pv_sweep,NHD,False,64,per_thread,fp32,True,,0.999330,0.036612
pv_sweep,NHD,False,64,per_thread,fp32,False,,0.999327,0.036666
pv_sweep,NHD,False,64,per_thread,fp32+fp32,True,,0.999330,0.036612
pv_sweep,NHD,False,64,per_thread,fp32+fp32,False,,0.999327,0.036666
pv_sweep,NHD,False,64,per_thread,fp32+fp16,True,,0.999337,0.036437
pv_sweep,NHD,False,64,per_thread,fp32+fp16,False,,0.999336,0.036450
pv_sweep,NHD,False,128,per_warp,fp32,True,,0.999315,0.036786
pv_sweep,NHD,False,128,per_warp,fp32,False,,0.999313,0.036855
pv_sweep,NHD,False,128,per_warp,fp32+fp32,True,,0.999315,0.036782
pv_sweep,NHD,False,128,per_warp,fp32+fp32,False,,0.999313,0.036850
pv_sweep,NHD,False,128,per_warp,fp32+fp16,True,,0.999314,0.036880
pv_sweep,NHD,False,128,per_warp,fp32+fp16,False,,0.999313,0.036885
pv_sweep,NHD,False,128,per_thread,fp32,True,,0.999328,0.036465
pv_sweep,NHD,False,128,per_thread,fp32,False,,0.999329,0.036458
pv_sweep,NHD,False,128,per_thread,fp32+fp32,True,,0.999328,0.036460
pv_sweep,NHD,False,128,per_thread,fp32+fp32,False,,0.999329,0.036454
pv_sweep,NHD,False,128,per_thread,fp32+fp16,True,,0.999332,0.036400
pv_sweep,NHD,False,128,per_thread,fp32+fp16,False,,0.999329,0.036451
pv_sweep,NHD,True,64,per_warp,fp32,True,,0.999414,0.035571
pv_sweep,NHD,True,64,per_warp,fp32,False,,0.999414,0.035680
pv_sweep,NHD,True,64,per_warp,fp32+fp32,True,,0.999414,0.035572
pv_sweep,NHD,True,64,per_warp,fp32+fp32,False,,0.999413,0.035681
pv_sweep,NHD,True,64,per_warp,fp32+fp16,True,,0.999420,0.035250
pv_sweep,NHD,True,64,per_warp,fp32+fp16,False,,0.999420,0.035239
pv_sweep,NHD,True,64,per_thread,fp32,True,,0.999421,0.035313
pv_sweep,NHD,True,64,per_thread,fp32,False,,0.999423,0.035276
pv_sweep,NHD,True,64,per_thread,fp32+fp32,True,,0.999421,0.035314
pv_sweep,NHD,True,64,per_thread,fp32+fp32,False,,0.999423,0.035277
pv_sweep,NHD,True,64,per_thread,fp32+fp16,True,,0.999433,0.034842
pv_sweep,NHD,True,64,per_thread,fp32+fp16,False,,0.999431,0.034887
pv_sweep,NHD,True,128,per_warp,fp32,True,,0.999415,0.035303
pv_sweep,NHD,True,128,per_warp,fp32,False,,0.999413,0.035349
pv_sweep,NHD,True,128,per_warp,fp32+fp32,True,,0.999415,0.035302
pv_sweep,NHD,True,128,per_warp,fp32+fp32,False,,0.999413,0.035348
pv_sweep,NHD,True,128,per_warp,fp32+fp16,True,,0.999425,0.035070
pv_sweep,NHD,True,128,per_warp,fp32+fp16,False,,0.999423,0.035109
pv_sweep,NHD,True,128,per_thread,fp32,True,,0.999426,0.034953
pv_sweep,NHD,True,128,per_thread,fp32,False,,0.999426,0.034959
pv_sweep,NHD,True,128,per_thread,fp32+fp32,True,,0.999426,0.034952
pv_sweep,NHD,True,128,per_thread,fp32+fp32,False,,0.999426,0.034959
pv_sweep,NHD,True,128,per_thread,fp32+fp16,True,,0.999435,0.034681
pv_sweep,NHD,True,128,per_thread,fp32+fp16,False,,0.999434,0.034718
smooth_v,HND,False,64,,fp32,True,True,0.999313,0.037053
smooth_v,HND,False,64,,fp32,False,True,0.999309,0.037138
smooth_v,HND,True,64,,fp32,True,True,0.999455,0.034531
smooth_v,HND,True,64,,fp32,False,True,0.999453,0.034598
smooth_v,NHD,False,64,,fp32,True,True,0.999340,0.036344
smooth_v,NHD,False,64,,fp32,False,True,0.999339,0.036367
smooth_v,NHD,True,64,,fp32,True,True,0.999440,0.034705
smooth_v,NHD,True,64,,fp32,False,True,0.999437,0.034758
